Name,Salary,Team,POS
Max Scherzer,42.143,WSH ,SP
Stephen Strasburg,36.429,WSH ,SP
Mike Trout,34.083,LAA ,CF
Zack Greinke,32.422,ARI ,SP
David Price,31.000,BOS ,SP
Clayton Kershaw,31.000,LAD ,SP
Miguel Cabrera,30.000,DET ,DH
Yoenis Cespedes,29.000,NYM ,OF
Justin Verlander,28.000,HOU ,SP
Albert Pujols,28.000,LAA ,DH
Felix Hernandez,27.857,SEA ,SP
Jon Lester,27.500,CHC ,SP
Nolan Arenado,26.000,COL ,3B
Giancarlo Stanton,26.000,NYY ,RF
Jake Arrieta,25.000,PHI ,SP
Joey Votto,25.000,CIN ,1B
Jordan Zimmermann,25.000,DET ,SP
Robinson Cano,24.000,NYM ,2B
J.D. Martinez,23.750,BOS ,OF
Edwin Encarnacion,23.333,SEA ,1B
Josh Donaldson,23.000,ATL ,3B
Johnny Cueto,22.667,SF ,SP
Buster Posey,22.511,SF ,C
Masahiro Tanaka,22.000,NYY ,SP
Jacoby Ellsbury,21.857,NYY ,OF
Eric Hosmer,21.625,SD ,1B
Charlie Blackmon,21.517,COL ,CF
Matt Kemp,21.500,CIN ,OF
Freddie Freeman,21.359,ATL ,1B
Rick Porcello,21.125,BOS ,SP
Chris Davis,21.117,BAL ,1B
Alex Gordon,21.000,KC ,LF
Shin-Soo Choo,21.000,TEX ,DH
Carlos Santana,20.500,CLE ,1B
Yu Darvish,20.000,CHC ,SP
Cole Hamels,20.000,CHC ,SP
Mookie Betts,20.000,BOS ,RF
Russell Martin,20.000,LAD ,C
Yadier Molina,20.000,STL ,C
Jason Heyward,20.000,CHC ,RF
Jeff Samardzija,19.800,SF ,SP
Wei-Yin Chen,19.774,MIA ,RP
Justin Upton,19.700,LAA ,LF
Kyle Seager,19.500,SEA ,3B
Justin Turner,19.000,LAD ,3B
Mark Melancon,19.000,SF ,RP
Kenley Jansen,18.800,LAD ,RP
Anthony Rendon,18.800,WSH ,3B
Rich Hill,18.667,LAD ,SP
Pablo Sandoval,18.600,SF ,3B
Ryan Zimmerman,18.333,WSH ,1B
Wade Davis,18.333,COL ,RP
Yasmani Grandal,18.250,MIL ,C
Ryan Braun,18.158,MIL ,LF
Hyun-Jin Ryu,17.900,LAD ,SP
Brandon Belt,17.200,SF ,1B
Aroldis Chapman,17.200,NYY ,RP
Corey Kluber,17.200,CLE ,SP
Mike Leake,17.000,SEA ,SP
Nathan Eovaldi,17.000,BOS ,SP
J.A. Happ,17.000,NYY ,SP
Ian Kennedy,16.500,KC ,SP
Khris Davis,16.500,OAK ,DH
Dexter Fowler,16.500,STL ,RF
Michael Brantley,16.000,HOU ,LF
Jose Abreu,16.000,CWS ,1B
Evan Longoria,15.500,SF ,3B
Ian Desmond,15.400,COL ,CF
Matt Carpenter,15.333,STL ,3B
Elvis Andrus,15.250,TEX ,SS
Danny Duffy,15.250,KC ,SP
Brandon Crawford,15.200,SF ,SS
Jean Segura,15.050,PHI ,SS
Martin Prado,15.000,MIA ,3B
Paul Goldschmidt,15.000,STL ,1B
Charlie Morton,15.000,TB ,SP
Chris Sale,15.000,BOS ,SP
Lorenzo Cain,15.000,MIL ,CF
Jason Kipnis,14.667,CLE ,2B
Dustin Pedroia,14.522,BOS ,2B
Nelson Cruz,14.300,MIN ,DH
Jay Bruce,14.000,SEA ,RF
Alex Cobb,14.000,BAL ,SP
Gerrit Cole,13.500,HOU ,SP
Dee Gordon,13.500,SEA ,2B
Mark Trumbo,13.274,BAL ,DH
Jedd Gyorko,13.167,STL ,3B
Andrelton Simmons,13.000,LAA ,SS
Zack Britton,13.000,NYY ,RP
Trevor Bauer,13.000,CLE ,SP
Josh Reddick,13.000,HOU ,RF
Daniel Murphy,13.000,COL ,1B
Patrick Corbin,12.917,WSH ,SP
Kris Bryant,12.900,CHC ,3B
Zack Cozart,12.667,LAA ,3B
Ben Zobrist,12.500,CHC ,2B
Tyler Chatwood,12.500,CHC ,RP
Anthony Rizzo,12.286,CHC ,1B
Marcell Ozuna,12.250,STL ,LF
Andrew Miller,12.250,STL ,RP
Starlin Castro,12.000,MIA ,2B
Madison Bumgarner,12.000,SF ,SP
Xander Bogaerts,12.000,BOS ,SS
DJ LeMahieu,12.000,NYY ,2B
Manny Machado,12.000,SD ,3B
Marwin Gonzalez,12.000,MIN ,3B
George Springer,12.000,HOU ,CF
Kendrys Morales,12.000,OAK ,DH
Carlos Martinez,11.800,STL ,SP
Didi Gregorius,11.750,NYY ,SS
Bryce Harper,11.538,PHI ,RF
Francisco Cervelli,11.500,PIT ,C
Salvador Perez,11.200,KC ,C
Julio Teheran,11.167,ATL ,SP
Matt Harvey,11.000,LAA ,SP
David Robertson,11.000,PHI ,RP
Andrew McCutchen,11.000,PHI ,LF
Kole Calhoun,10.833,LAA ,RF
Starling Marte,10.667,PIT ,CF
Francisco Lindor,10.550,CLE ,SS
Jose Quintana,10.500,CHC ,SP
Carlos Carrasco,10.500,CLE ,SP
Brandon Morrow,10.500,CHC ,RP
Yulieski Gurriel,10.000,HOU ,1B
Tanner Roark,10.000,CIN ,SP
Mike Moustakas,10.000,MIL ,2B
Nick Castellanos,9.950,DET ,RF
Christian Yelich,9.929,MIL ,RF
Mike Minor,9.833,TEX ,SP
Scooter Gennett,9.775,CIN ,2B
Yasiel Puig,9.700,CIN ,RF
Alex Wood,9.650,CIN ,SP
Jose Altuve,9.500,HOU ,2B
Andrew Cashner,9.500,BAL ,SP
Jake Odorizzi,9.500,MIN ,SP
Yusei Kikuchi,9.500,SEA ,SP
Kevin Gausman,9.350,ATL ,SP
Lance Lynn,9.333,TEX ,SP
Juan Nicasio,9.250,PHI ,RP
Ivan Nova,9.167,CWS ,SP
Bryan Shaw,9.167,COL ,RP
Jake McGee,9.167,COL ,RP
Juan Lagares,9.100,NYM ,CF
Jason Vargas,9.000,NYM ,SP
Kelvin Herrera,9.000,CWS ,RP
Trevor Cahill,9.000,LAA ,SP
Adam Ottavino,9.000,NYY ,RP
Brian Dozier,9.000,WSH ,2B
Anibal Sanchez,9.000,WSH ,SP
Todd Frazier,9.000,NYM ,3B
Jacob deGrom,9.000,NYM ,SP
Tommy Hunter,9.000,PHI ,RP
Darren O'''Day,8.855,ATL ,RP
Adam Eaton,8.700,WSH ,RF
Kevin Kiermaier,8.583,TB ,CF
James Paxton,8.575,NYY ,SP
Jackie Bradley Jr.,8.550,BOS ,CF
Yonder Alonso,8.500,CWS ,DH
Corey Dickerson,8.500,PIT ,LF
Cody Allen,8.500,LAA ,RP
Anthony Swarzak,8.500,SEA ,RP
Jed Lowrie,8.500,NYM ,2B
Addison Reed,8.500,MIN ,RP
Rougned Odor,8.333,TEX ,2B
Pat Neshek,8.125,PHI ,RP
Kyle Gibson,8.125,MIN ,SP
Miles Mikolas,8.000,STL ,SP
Jason Castro,8.000,MIN ,C
Michael Pineda,8.000,MIN ,SP
Wilson Ramos,8.000,NYM ,C
Justin Smoak,8.000,TOR ,1B
CC Sabathia,8.000,NYY ,SP
Joe Smith,8.000,HOU ,RP
Chris Archer,7.758,PIT ,SP
Cesar Hernandez,7.750,PHI ,2B
Brett Cecil,7.750,STL ,RP
Welington Castillo,7.500,CWS ,C
Steve Cishek,7.500,CHC ,RP
Sonny Gray,7.500,CIN ,SP
Jonathan Schoop,7.500,MIN ,2B
Brett Gardner,7.500,NYY ,LF
Stephen Piscotty,7.500,OAK ,RF
Brad Hand,7.417,CLE ,RP
Kyle Hendricks,7.405,CHC ,SP
Marcus Stroman,7.400,TOR ,SP
Mike Dunn,7.333,COL ,RP
Alex Colome,7.325,CWS ,RP
Eugenio Suarez,7.286,CIN ,3B
Yan Gomes,7.250,WSH ,C
Dellin Betances,7.250,NYY ,RP
David Peralta,7.000,ARI ,LF
Derek Holland,7.000,SF ,SP
Drew Smyly,7.000,TEX ,SP
Trevor Rosenthal,7.000,WSH ,RP
Garrett Richards,7.000,SD ,SP
Chase Anderson,6.750,MIL ,SP
Jhoulys Chacin,6.750,MIL ,SP
Kolten Wong,6.700,STL ,2B
Gregory Polanco,6.700,PIT ,OF
Jeurys Familia,6.667,NYM ,RP
Mitch Moreland,6.500,BOS ,1B
Roberto Osuna,6.500,HOU ,RP
Joakim Soria,6.500,OAK ,RP
Tony Watson,6.500,SF ,RP
Sean Doolittle,6.500,WSH ,RP
Aaron Hicks,6.429,NYY ,CF
Blake Treinen,6.400,OAK ,RP
Michael Wacha,6.350,STL ,SP
Eric Thames,6.333,MIL ,1B
Ken Giles,6.300,TOR ,RP
Pedro Strop,6.250,CHC ,RP
Steve Pearce,6.250,BOS ,1B
Max Kepler,6.200,MIN ,RF
Eduardo Escobar,6.167,ARI ,3B
Robbie Ray,6.050,ARI ,SP
Yusmeiro Petit,6.000,OAK ,RP
Tyler Flowers,6.000,ATL ,C
Nick Markakis,6.000,ATL ,RF
Raisel Iglesias,6.000,CIN ,RP
Noah Syndergaard,6.000,NYM ,SP
Mike Fiers,6.000,OAK ,SP
Zack Wheeler,5.975,NYM ,SP
Marcus Semien,5.900,OAK ,SS
J.T. Realmuto,5.900,PHI ,C
Kevin Pillar,5.800,TOR ,CF
Collin McHugh,5.800,HOU ,SP
Robinson Chirinos,5.750,HOU ,C
Tyson Ross,5.750,DET ,SP
Ender Inciarte,5.700,ATL ,CF
Wil Myers,5.667,SD ,LF
Aaron Nola,5.563,PHI ,SP
Odubel Herrera,5.550,PHI ,CF
Luke Gregerson,5.500,STL ,RP
Mike Foltynewicz,5.475,ATL ,SP
Jordy Mercer,5.250,DET ,SS
Billy Hamilton,5.250,KC ,CF
A.J. Pollock,5.250,LAD ,CF
Fernando Rodney,5.250,OAK ,RP
Maikel Franco,5.200,PHI ,3B
Javier Baez,5.200,CHC ,SS
Luis Severino,5.188,NYY ,SP
Corey Knebel,5.125,MIL ,RP
Taijuan Walker,5.025,ARI ,SP
Eduardo Nunez,5.000,BOS ,3B
Brandon Kintzler,5.000,CHC ,RP
Randal Grichuk,5.000,TOR ,RF
Trevor Story,5.000,COL ,SS
Justin Wilson,5.000,NYM ,RP
Sam Dyson,5.000,SF ,RP
Freddy Galvis,5.000,TOR ,SS
Carlos Correa,5.000,HOU ,SS
Joc Pederson,5.000,LAD ,LF
Jonathan Villar,4.825,BAL ,2B
Jake Lamb,4.825,ARI ,1B
Arodys Vizcaino,4.800,ATL ,RP
C.J. Cron,4.800,MIN ,1B
Felipe Vazquez,4.750,PIT ,RP
Travis Shaw,4.675,MIL ,3B
Joe Kelly,4.667,LAD ,RP
Jorge Soler,4.667,KC ,RF
Nate Jones,4.650,CWS ,RP
Yolmer Sanchez,4.625,CWS ,2B
Chris Iannetta,4.525,COL ,C
Hector Rondon,4.500,HOU ,RP
David Freese,4.500,LAD ,3B
Wade Miley,4.500,HOU ,SP
Danny Salazar,4.500,CLE ,SP
Mike Zunino,4.413,TB ,C
Eduardo Rodriguez,4.300,BOS ,SP
Alex Avila,4.250,ARI ,C
Wilmer Flores,4.250,ARI ,2B
Will Smith,4.225,SF ,RP
Will Harris,4.225,HOU ,RP
Carlos Rodon,4.200,CWS ,SP
Eddie Rosario,4.190,MIN ,LF
Jorge Polanco,4.158,MIN ,SS
Jose Ramirez,4.150,CLE ,3B
Steven Souza Jr.,4.125,ARI ,RF
Lance McCullers Jr.,4.100,HOU ,SP
Tommy Pham,4.100,TB ,LF
Michael Conforto,4.025,NYM ,RF
Shane Greene,4.000,DET ,RP
Corey Seager,4.000,LAD ,SS
Marco Estrada,4.000,OAK ,SP
Ian Kinsler,4.000,SD ,2B
Jesse Chavez,4.000,TEX ,RP
Matt Adams,4.000,WSH ,1B
Kurt Suzuki,4.000,WSH ,C
Howie Kendrick,4.000,WSH ,OF
Martin Perez,4.000,MIN ,RP
Jon Jay,4.000,CWS ,RF
Aaron Sanchez,3.900,TOR ,SP
Joe Panik,3.850,SF ,2B
Jarrod Dyson,3.750,ARI ,OF
Trea Turner,3.725,WSH ,SS
Kike Hernandez,3.725,LAD ,2B
Tyler Skaggs,3.700,LAA ,SP
Jimmy Nelson,3.700,MIL ,SP
Nick Ahmed,3.663,ARI ,SS
Jurickson Profar,3.600,OAK ,2B
Brock Holt,3.575,BOS ,2B
Travis d'Arnaud,3.515,NYM ,C
Asdrubal Cabrera,3.500,TEX ,3B
Matt Shoemaker,3.500,TOR ,SP
Avisail Garcia,3.500,TB ,RF
Chris Taylor,3.500,LAD ,2B
Andrew Heaney,3.400,LAA ,SP
Addison Russell,3.400,CHC ,SS
Kyle Schwarber,3.390,CHC ,LF
Jonathan Lucroy,3.350,LAA ,C
Chad Bettis,3.325,COL ,SP
Nomar Mazara,3.300,TEX ,RF
Clayton Richard,3.300,TOR ,SP
Yoshihisa Hirano,3.250,ARI ,RP
Greg Holland,3.250,ARI ,RP
Wily Peralta,3.250,KC ,RP
Jeff Mathis,3.250,TEX ,C
Michael A. Taylor,3.250,WSH ,CF
Jose Urena,3.200,MIA ,SP
Keone Kela,3.175,PIT ,RP
Jeremy Jeffress,3.175,MIL ,RP
Miguel Rojas,3.155,MIA ,SS
Sean Manaea,3.150,OAK ,SP
Kenta Maeda,3.125,LAD ,SP
Brad Peacock,3.110,HOU ,SP
Kirby Yates,3.063,SD ,RP
Leonys Martin,3.000,CLE ,CF
Chris Owings,3.000,KC ,SS
Jung-ho Kang,3.000,PIT ,3B
Brad Brach,3.000,CHC ,RP
Adam Jones,3.000,ARI ,OF
Clay Buchholz,3.000,TOR ,SP
Tucker Barnhart,2.938,CIN ,C
Christian Vazquez,2.933,BOS ,C
Jon Gray,2.925,COL ,SP
Ryan Pressly,2.900,HOU ,RP
Dylan Bundy,2.800,BAL ,SP
Michael Fulmer,2.800,DET ,SP
Jose Peraza,2.775,CIN ,2B
Wade LeBlanc,2.750,SEA ,SP
Shawn Kelley,2.750,TEX ,RP
Jake Diekman,2.750,KC ,RP
Lonnie Chisenhall,2.750,PIT ,RF
Matt Duffy,2.675,TB ,3B
Tony Cingrani,2.650,LAD ,RP
Miguel Sano,2.650,MIN ,3B
Roberto Perez,2.625,CLE ,C
Steven Matz,2.625,NYM ,SP
Tyler Anderson,2.625,COL ,SP
Matt Boyd,2.600,DET ,SP
Zach Davies,2.600,MIL ,SP
Ketel Marte,2.600,ARI ,CF
Matt Albers,2.500,MIL ,RP
David Hernandez,2.500,CIN ,RP
Matt Moore,2.500,DET ,SP
Oliver Perez,2.500,CLE ,RP
James McCann,2.500,CWS ,C
Justin Bour,2.500,LAA ,1B
Hernan Perez,2.500,MIL ,2B
Adam Warren,2.500,SD ,RP
Martin Maldonado,2.500,KC ,C
Sergio Romo,2.500,MIA ,RP
Jose Iglesias,2.500,CIN ,SS
Seunghwan Oh,2.500,COL ,RP
David Phelps,2.500,TOR ,RP
Mike Montgomery,2.440,CHC ,RP
Eloy Jimenez,2.333,CWS ,LF
Craig Stammen,2.250,SD ,RP
Chris Martin,2.250,TEX ,RP
Merrill Kelly,2.250,ARI ,SP
Jonny Venters,2.250,ATL ,RP
Jared Hughes,2.250,CIN ,RP
Vince Velasquez,2.249,PHI ,SP
Junior Guerra,2.225,MIL ,SP
Jake Marisnick,2.213,HOU ,OF
Brad Boxberger,2.200,KC ,RP
Mychal Givens,2.150,BAL ,RP
Liam Hendriks,2.150,OAK ,RP
Anthony DeSclafani,2.125,CIN ,SP
Pedro Baez,2.100,LAD ,RP
Austin Hedges,2.060,SD ,C
Mark Canha,2.050,OAK ,OF
Jordan Lyles,2.050,PIT ,SP
Brian McCann,2.000,ATL ,C
Daniel Descalso,2.000,CHC ,2B
Neil Walker,2.000,MIA ,1B
Paul DeJong,2.000,STL ,SS
Adam Wainwright,2.000,STL ,SP
Shelby Miller,2.000,TEX ,SP
Edinson Volquez,2.000,TEX ,SP
Zach Duke,2.000,CIN ,RP
Robbie Grossman,2.000,OAK ,LF
Josh Harrison,2.000,DET ,2B
Derek Dietrich,2.000,CIN ,LF
Aledmys Diaz,2.000,HOU ,SS
Logan Forsythe,2.000,TEX ,2B
Hunter Pence,2.000,TEX ,LF
Michael Lorenzen,1.950,CIN ,RP
Domingo Santana,1.950,SEA ,LF
Andrew Chafin,1.945,ARI ,RP
Lourdes Gurriel Jr.,1.929,TOR ,2B
Jose Alvarez,1.925,PHI ,RP
Devon Travis,1.925,TOR ,2B
JC Ramirez,1.901,LAA ,SP
Archie Bradley,1.830,ARI ,RP
Hector Neris,1.800,PHI ,RP
Austin Romine,1.800,NYY ,C
Blake Parker,1.800,MIN ,RP
Francisco Liriano,1.800,PIT ,RP
Tyler Thornburg,1.750,BOS ,RP
Cam Bedrosian,1.750,LAA ,RP
Byron Buxton,1.750,MIN ,CF
Tim Beckham,1.750,SEA ,SS
Manny Pina,1.750,MIL ,C
Curtis Granderson,1.750,MIA ,LF
Gerardo Parra,1.750,SF ,RF
Yangervis Solarte,1.750,SF ,3B
Kyle Barraclough,1.725,WSH ,RP
Jose Leclerc,1.688,TEX ,RP
Chris Rusin,1.688,COL ,RP
Luis Garcia,1.675,LAA ,RP
Scott Kingery,1.667,PHI ,2B
Matt Barnes,1.600,BOS ,RP
Blake Snell,1.600,TB ,SP
Luis Avilan,1.600,NYM ,RP
Leury Garcia,1.550,CWS ,OF
Taylor Rogers,1.525,MIN ,RP
Chris Devenski,1.525,HOU ,RP
Ryan Tepera,1.525,TOR ,RP
Carl Edwards Jr.,1.500,CHC ,RP
Cory Gearrin,1.500,SEA ,RP
Drew Pomeranz,1.500,SF ,SP
Brett Anderson,1.500,OAK ,SP
Matt Wieters,1.500,STL ,C
Daniel Hudson,1.500,TOR ,RP
Robbie Erlin,1.450,SD ,SP
T.J. McFarland,1.450,ARI ,RP
Tim Anderson,1.400,CWS ,SS
Ryan Buchter,1.400,OAK ,RP
Hansel Robles,1.400,LAA ,RP
Delino DeShields,1.400,TEX ,CF
Aaron Loup,1.400,SD ,RP
Charlie Culberson,1.395,ATL ,SS
Tommy Kahnle,1.388,NYY ,RP
Steven Wright,1.375,BOS ,SP
Dan Otero,1.350,CLE ,RP
Aaron Altherr,1.350,PHI ,RF
Tommy La Stella,1.350,LAA ,2B
Heath Hembree,1.313,BOS ,RP
Blaine Hardy,1.300,DET ,RP
Scott Oberg,1.300,COL ,RP
Brandon Drury,1.300,TOR ,3B
Ehire Adrianza,1.300,MIN ,SS
Hunter Strickland,1.300,SEA ,RP
Jeremy Hellickson,1.300,WSH ,RP
Daniel Norris,1.275,DET ,SP
Chaz Roe,1.275,TB ,RP
Alex Claudio,1.275,MIL ,RP
Dominic Leone,1.260,STL ,RP
Tony Sipp,1.250,WSH ,RP
Nick Hundley,1.250,OAK ,C
Matt Joyce,1.250,ATL ,OF
Lucas Duda,1.250,KC ,1B
Josh Tomlin,1.250,ATL ,RP
Greg Bird,1.200,NYY ,1B
Erik Kratz,1.200,SF ,C
Whit Merrifield,1.188,KC ,2B
Brandon Lowe,1.167,TB ,2B
Travis Jankowski,1.165,SD ,OF
Brandon Workman,1.150,BOS ,RP
Melky Cabrera,1.150,PIT ,LF
Kevin Plawecki,1.138,CLE ,C
Jose Martinez,1.125,STL ,LF
Adam Conley,1.125,MIA ,RP
Adam Morgan,1.100,PHI ,RP
Josh Phegley,1.075,OAK ,C
Nick Tropeano,1.075,LAA ,SP
Neil Ramirez,1.000,CLE ,RP
Brad Miller,1.000,CLE ,2B
Mark Reynolds,1.000,COL ,1B
Chris Herrmann,1.000,OAK ,C
Jeanmar Gomez,1.000,TEX ,RP
Peter Bourjos,1.000,LAA ,OF
Hanley Ramirez,1.000,CLE ,DH
Tony Wolters,0.960,COL ,C
Curt Casali,0.950,CIN ,C
Matt Andriese,0.920,ARI ,RP
Blake Swihart,0.910,BOS ,C
Roenis Elias,0.910,SEA ,RP
Greg Garcia,0.910,SD ,2B
John Ryan Murphy,0.900,ARI ,C
Joe Biagini,0.900,TOR ,RP
Trevor May,0.900,MIN ,RP
Marco Gonzales,0.900,SEA ,SP
Xavier Cedeno,0.900,CHC ,RP
Jesus Sucre,0.850,BAL ,C
Ji-Man Choi,0.850,TB ,1B
Nate Karns,0.800,BAL ,RP
Jesse Hahn,0.800,KC ,SP
Brian Flynn,0.800,KC ,RP
Guillermo Heredia,0.782,TB ,OF
Tony Barnette,0.750,CHC ,RP
Alex Wilson,0.750,MIL ,RP
Andrew Benintendi,0.718,BOS ,LF
Yimi Garcia,0.710,LAD ,RP
Gordon Beckham,0.700,DET ,2B
J.B. Shuck,0.700,PIT ,OF
Josh Hader,0.688,MIL ,RP
Aaron Judge,0.684,NYY ,RF
Willson Contreras,0.684,CHC ,C
Niko Goodrum,0.671,DET ,2B
Gary Sanchez,0.670,NYY ,C
Shohei Ohtani,0.650,LAA ,SP
Richard Rodriguez,0.650,PIT ,RP
Scott Barlow,0.650,KC ,SP
Terrance Gore,0.650,KC ,OF
Alex Bregman,0.641,HOU ,3B
Jesus Aguilar,0.638,MIL ,1B
Scott Schebler,0.625,CIN ,CF
Jose Berrios,0.620,MIN ,SP
Miguel Andujar,0.618,NYY ,3B
Albert Almora Jr.,0.616,CHC ,OF
Rafael Devers,0.615,BOS ,3B
Zac Rosscup,0.610,SEA ,RP
Zack Godley,0.609,ARI ,SP
Edwin Diaz,0.607,NYM ,RP
Joey Gallo,0.606,TEX ,LF
Gleyber Torres,0.605,NYY ,2B
Cody Bellinger,0.605,LAD ,RF
Chad Green,0.599,NYY ,RP
Brandon Nimmo,0.598,NYM ,LF
Nick Pivetta,0.598,PHI ,SP
Jordan Montgomery,0.597,NYY ,SP
Ross Stripling,0.595,LAD ,SP
Justin Miller,0.593,WSH ,RP
Mike Clevinger,0.592,CLE ,SP
Seth Lugo,0.592,NYM ,RP
Max Stassi,0.590,HOU ,C
Mitch Haniger,0.590,SEA ,LF
Zach Eflin,0.590,PHI ,SP
Jameson Taillon,0.588,PIT ,SP
Josh Bell,0.587,PIT ,1B
Brian Anderson,0.585,MIA ,3B
Dansby Swanson,0.585,ATL ,SS
Luke Jackson,0.585,ATL ,RP
Adam Frazier,0.584,PIT ,2B
Trevor Williams,0.584,PIT ,SP
Tony Kemp,0.584,HOU ,LF
Brian Goodwin,0.584,LAA ,LF
Tyler White,0.583,HOU ,1B
Robert Gsellman,0.583,NYM ,RP
Joe Musgrove,0.583,PIT ,SP
Hunter Renfroe,0.582,SD ,RF
Matt Strahm,0.582,SD ,SP
Kyle Crick,0.582,PIT ,RP
Edgar Santana,0.582,PIT ,RP
Luke Weaver,0.581,ARI ,SP
Omar Narvaez,0.581,SEA ,C
Wilmer Difo,0.581,WSH ,2B
Jonathan Holder,0.580,NYY ,RP
Matt Chapman,0.580,OAK ,3B
Jesse Winker,0.580,CIN ,LF
Reynaldo Lopez,0.580,CWS ,SP
Ryon Healy,0.580,SEA ,3B
Colin Moran,0.580,PIT ,3B
Sam Gaviglio,0.580,TOR ,RP
Luke Maile,0.579,TOR ,C
Luis Cessa,0.579,NYY ,SP
Teoscar Hernandez,0.579,TOR ,LF
Elias Diaz,0.579,PIT ,C
Mallex Smith,0.578,SEA ,CF
Harrison Bader,0.578,STL ,CF
Juan Soto,0.578,WSH ,LF
Jakob Junis,0.578,KC ,SP
Kevin McCarthy,0.578,KC ,RP
Brad Keller,0.578,KC ,SP
Hanser Alberto,0.578,BAL ,3B
Chad Kuhl,0.578,PIT ,SP
Domingo German,0.578,NYY ,RP
Ryan Brasier,0.578,BOS ,RP
Manuel Margot,0.577,SD ,CF
Erik Gonzalez,0.577,PIT ,SS
Matt Grace,0.576,WSH ,RP
Adalberto Mondesi,0.576,KC ,SS
Amed Rosario,0.576,NYM ,SS
Trey Mancini,0.576,BAL ,LF
Ozzie Albies,0.575,ATL ,2B
Jesse Biddle,0.575,ATL ,RP
Rhys Hoskins,0.575,PHI ,1B
Johan Camargo,0.575,ATL ,3B
Sean Newcomb,0.575,ATL ,SP
Shane Carle,0.575,ATL ,RP
A.J. Minter,0.575,ATL ,RP
Brian Johnson,0.575,BOS ,RP
Kendall Graveman,0.575,CHC ,SP
Yoan Moncada,0.575,CWS ,3B
Max Muncy,0.575,LAD ,1B
Austin Barnes,0.575,LAD ,C
Scott Alexander,0.575,LAD ,RP
Drew Steckenrider,0.575,MIA ,RP
Mitch Garver,0.575,MIN ,C
Nick Williams,0.575,PHI ,RF
Brandon Brennan,0.575,SEA ,RP
Luke Bard,0.575,LAA ,RP
Matt Olson,0.575,OAK ,1B
Tyler Naquin,0.575,CLE ,RF
Silvino Bracho,0.575,ARI ,RP
Steven Brault,0.575,PIT ,RP
Mikie Mahtook,0.575,DET ,CF
Edubray Ramos,0.574,PHI ,RP
Jose Osuna,0.574,PIT ,1B
Luke Voit,0.573,NYY ,1B
Tim Hill,0.573,KC ,RP
Lucas Giolito,0.573,CWS ,SP
Richard Bleier,0.573,BAL ,RP
Kevan Smith,0.573,LAA ,C
Jake Cave,0.573,MIN ,OF
Trevor Hildenberger,0.573,MIN ,RP
Keon Broxton,0.572,NYM ,CF
John Gant,0.571,STL ,SP
Adam Engel,0.571,CWS ,CF
Dylan Covey,0.571,CWS ,RP
Buck Farmer,0.571,DET ,RP
Jose Alvarado,0.571,TB ,RP
Max Moroff,0.571,CLE ,2B
Franmil Reyes,0.571,SD ,RF
Joey Wendle,0.570,TB ,3B
Daniel R. Robertson,0.570,TB ,2B
Jorge Alfaro,0.570,MIA ,C
Walker Buehler,0.570,LAD ,SP
Joey Rickard,0.570,BAL ,RF
Tyler Mahle,0.570,CIN ,SP
Wandy Peralta,0.570,CIN ,RP
Lewis Brinson,0.570,MIA ,CF
Trevor Richards,0.570,MIA ,SP
Ronald Guzman,0.570,TEX ,1B
Victor Caratini,0.570,CHC ,C
Isiah Kiner-Falefa,0.570,TEX ,C
John Brebbia,0.569,STL ,RP
Joe Jimenez,0.569,DET ,RP
Miguel Castro,0.569,BAL ,RP
Jace Fry,0.569,CWS ,RP
Felix Pena,0.569,LAA ,SP
Noe Ramirez,0.569,LAA ,RP
Nick Kingham,0.569,PIT ,RP
Dovydas Neverauskas,0.569,PIT ,RP
Tyler Austin,0.569,MIN ,1B
Sam Tuivailala,0.569,SEA ,RP
Hector Velazquez,0.569,BOS ,RP
Brent Suter,0.568,MIL ,SP
Tim Mayza,0.568,TOR ,RP
Eric Skoglund,0.568,KC ,SP
Jeff McNeil,0.568,NYM ,3B
Ben Gamel,0.568,MIL ,OF
Matt Koch,0.568,ARI ,RP
Jacob Barnes,0.568,MIL ,RP
Amir Garrett,0.568,CIN ,RP
Mike Wright,0.568,BAL ,SP
Reyes Moronta,0.568,SF ,RP
Chris Stratton,0.568,LAA ,SP
Trevor Gott,0.568,SF ,RP
Drew VerHagen,0.567,DET ,RP
Hunter Dozier,0.567,KC ,3B
JaCoby Jones,0.567,DET ,CF
John Hicks,0.567,DET ,C
Daniel Palka,0.567,CWS ,OF
Josh James,0.567,HOU ,RP
Tyler Glasnow,0.567,TB ,SP
Dinelson Lamet,0.567,SD ,SP
Framber Valdez,0.567,HOU ,RP
Daniel Stumpf,0.567,DET ,RP
Orlando Arcia,0.566,MIL ,SS
Pablo Reyes,0.566,PIT ,OF
Ryan Borucki,0.565,TOR ,SP
Joey Lucchesi,0.565,SD ,SP
Dylan Moore,0.565,SEA ,3B
Dylan Floro,0.565,LAD ,RP
Max Fried,0.565,ATL ,RP
German Marquez,0.565,COL ,SP
Julio Urias,0.565,LAD ,SP
Bryse Wilson,0.565,ATL ,SP
Kyle Wright,0.565,ATL ,SP
Chad Sobotka,0.565,ATL ,RP
Wes Parsons,0.565,ATL ,RP
Kyle Freeland,0.565,COL ,SP
Chad Pinder,0.565,OAK ,1B
Tayron Guerrero,0.565,MIA ,RP
Jharel Cotton,0.565,OAK ,SP
Andrew Knapp,0.565,PHI ,C
Chris Bassitt,0.565,OAK ,RP
Brock Stewart,0.565,LAD ,RP
Robert Stephenson,0.565,CIN ,SP
Alex Reyes,0.565,STL ,SP
Freddy Peralta,0.565,MIL ,SP
Jordan Luplow,0.565,CLE ,OF
Koda Glover,0.564,WSH ,RP
Ryne Stanek,0.564,TB ,RP
Drew Robinson,0.564,STL ,3B
Marco Hernandez,0.564,BOS ,3B
Seranthony Dominguez,0.564,PHI ,RP
Jacob Stallings,0.564,PIT ,C
Tyler O'Neill,0.564,STL ,OF
Randy Rosario,0.564,CHC ,RP
Adam Cimber,0.564,CLE ,RP
Taylor Williams,0.564,MIL ,RP
Mike Mayers,0.564,STL ,RP
Pedro Severino,0.564,BAL ,C
David Hess,0.564,BAL ,SP
Keynan Middleton,0.564,LAA ,RP
Ryan Yarbrough,0.563,TB ,SP
Phil Maton,0.563,SD ,RP
Corbin Burnes,0.563,MIL ,SP
Dalton Pompey,0.563,TOR ,OF
Eric Lauer,0.563,SD ,SP
Wander Suero,0.563,WSH ,RP
Willy Adames,0.562,TB ,SS
Chasen Bradford,0.562,SEA ,RP
Jorge Lopez,0.562,KC ,SP
Jack Flaherty,0.562,STL ,SP
Renato Nunez,0.562,BAL ,3B
Yairo Munoz,0.562,STL ,SS
Richard Urena,0.562,TOR ,SS
Yonny Chirinos,0.562,TB ,SP
David Bote,0.562,CHC ,3B
David Fletcher,0.562,LAA ,SS
Justin Anderson,0.562,LAA ,RP
Diego Castillo,0.562,TB ,RP
J.D. Davis,0.561,NYM ,3B
Brandon Woodruff,0.561,MIL ,SP
Dereck Rodriguez,0.561,SF ,SP
Bradley Zimmer,0.561,CLE ,CF
Socrates Brito,0.561,SD ,RF
Tyler Olson,0.561,CLE ,RP
Adam Kolarek,0.561,TB ,RP
Jake Bauers,0.560,CLE ,LF
Greg Allen,0.560,CLE ,OF
Miguel Diaz,0.560,SD ,RP
Wilmer Font,0.560,TB ,RP
Jose Castillo,0.560,SD ,RP
Franchy Cordero,0.560,SD ,CF
Dwight Smith Jr.,0.560,BAL ,OF
Thomas Pannone,0.560,TOR ,RP
Ronald Acuna Jr.,0.560,ATL ,LF
Carson Kelly,0.560,ARI ,C
David Dahl,0.560,COL ,LF
Ryan McMahon,0.560,COL ,2B
Raimel Tapia,0.560,COL ,OF
Antonio Senzatela,0.560,COL ,SP
Jose Rondon,0.560,CWS ,SS
Alex Verdugo,0.560,LAD ,OF
Caleb Ferguson,0.560,LAD ,RP
JT Riddle,0.560,MIA ,SS
Rosell Herrera,0.560,MIA ,OF
Willians Astudillo,0.560,MIN ,C
Adalberto Mejia,0.560,MIN ,RP
Matt Magill,0.560,MIN ,RP
Gabriel Moya,0.560,MIN ,RP
Daniel Gossett,0.560,OAK ,SP
Frankie Montas,0.560,OAK ,SP
Aaron Brooks,0.560,OAK ,SP
Robert Stock,0.560,SD ,RP
Christian Walker,0.560,ARI ,1B
Shane Bieber,0.560,CLE ,SP
Billy McKinney,0.559,TOR ,OF
Dominic Smith,0.559,NYM ,1B
Nick Rumbelow,0.559,SEA ,RP
Shawn Armstrong,0.559,SEA ,RP
Dakota Hudson,0.559,STL ,SP
Victor Alcantara,0.559,DET ,RP
Andrew Stevenson,0.559,WSH ,OF
Paul Fry,0.559,BAL ,RP
Jimmy Yacabonis,0.559,BAL ,RP
Manny Banuelos,0.559,CWS ,RP
Roman Quinn,0.559,PHI ,OF
Nick Burdi,0.559,PIT ,RP
Danny Jansen,0.559,TOR ,C
Grayson Greiner,0.559,DET ,C
Daniel Vogelbach,0.559,SEA ,1B
Rio Ruiz,0.559,BAL ,3B
Sam Travis,0.559,BOS ,1B
David Freitas,0.559,SEA ,C
Bobby Wahl,0.558,MIL ,RP
Yandy Diaz,0.558,TB ,3B
Steven Duggar,0.558,SF ,CF
Austin Wynns,0.558,BAL ,C
Jose De Leon,0.558,TB ,RP
Yohander Mendez,0.558,TEX ,SP
Luke Farrell,0.558,TEX ,RP
Victor Robles,0.558,WSH ,CF
Ryan O'Hearn,0.558,KC ,1B
Cedric Mullins,0.558,BAL ,CF
Kyle Farmer,0.558,CIN ,C
Alex Blandino,0.558,CIN ,3B
Taylor Cole,0.558,LAA ,RP
Drew Smith,0.558,NYM ,RP
Nick Martini,0.558,OAK ,OF
Lou Trivino,0.558,OAK ,RP
J.B. Wendelken,0.558,OAK ,RP
Ramon Laureano,0.558,OAK ,CF
Kevin Newman,0.558,PIT ,SS
Michael Reed,0.558,SF ,RF
Austin Meadows,0.557,TB ,RF
Stephen Tarpley,0.557,NYY ,RP
Ty Buttrey,0.557,LAA ,RP
Trey Wingenter,0.557,SD ,RP
Cam Gallagher,0.557,KC ,C
Pedro Araujo,0.557,BAL ,RP
Colten Brewer,0.557,BOS ,RP
Garrett Hampson,0.557,COL ,2B
DJ Johnson,0.557,COL ,RP
Harrison Musgrave,0.557,COL ,RP
Mike Tauchman,0.557,NYY ,OF
Jeffrey Springs,0.557,TEX ,RP
Yoan Lopez,0.557,ARI ,RP
Jacob Nix,0.557,SD ,SP
Anthony Banda,0.557,TB ,SP
Michael Perez,0.557,TB ,C
Mark Zagunis,0.557,CHC ,RF
Caleb Smith,0.557,MIA ,SP
Jalen Beeks,0.557,TB ,RP
Jonathan Davis,0.557,TOR ,OF
Michael Hermosillo,0.557,LAA ,OF
Christin Stewart,0.556,DET ,LF
Francisco Mejia,0.556,SD ,C
Tomas Nido,0.556,NYM ,C
Spencer Turnbull,0.556,DET ,SP
Ryan Burr,0.556,CWS ,RP
Ian Hamilton,0.556,CWS ,RP
Brett Kennedy,0.556,SD ,SP
Luis Guillorme,0.556,NYM ,2B
Jon Edwards,0.556,CLE ,RP
John Means,0.556,BAL ,RP
Matt Festa,0.556,SEA ,RP
Trevor Oaks,0.555,KC ,RP
Gerson Bautista,0.555,SEA ,RP
Justin Williams,0.555,STL ,OF
Troy Tulowitzki,0.555,NYY ,SS
Jordan Hicks,0.555,STL ,RP
Chris Paddack,0.555,SD ,SP
Richie Martin,0.555,BAL ,SS
Michael Kopech,0.555,CWS ,SP
Drew Jackson,0.555,BAL ,SS
Eric Stamets,0.555,CLE ,SS
Caleb Frare,0.555,CWS ,RP
Kyle Zimmer,0.555,KC ,RP
Chris Ellis,0.555,KC ,RP
Ben Heller,0.555,NYY ,RP
Garrett Cooper,0.555,MIA ,RF
Chad Wallach,0.555,MIA ,C
Pablo Lopez,0.555,MIA ,SP
Sandy Alcantara,0.555,MIA ,SP
Tyler Kinley,0.555,MIA ,RP
Nick Anderson,0.555,MIA ,RP
Austin Brice,0.555,MIA ,RP
Julian Fernandez,0.555,MIA ,RP
Riley Ferrell,0.555,MIA ,RP
Reed Garrett,0.555,DET ,RP
Gregory Soto,0.555,DET ,RP
Travis Bergen,0.555,SF ,RP
Connor Joe,0.555,SF ,3B
Scott Heineman,0.555,TEX ,OF
Trent Thornton,0.555,TOR ,SP
Elvis Luciano,0.555,TOR ,RP
Kyle Dowdy,0.555,TEX ,RP
Ryan Cordell,0.555,CWS ,OF
Kyle Bird,0.555,TEX ,RP
Javy Guerra,0.555,TOR ,RP
Fernando Tatis Jr.,0.555,SD ,SS
Dustin Peterson,0.555,DET ,OF
Pete Alonso,0.555,NYM ,1B
Tim Peterson,0.555,NYM ,RP
Jake Noll,0.555,WSH ,2B
Frank Schwindel,0.555,KC ,1B
Nick Vincent,0.555,SF ,RP
Rowdy Tellez,0.555,TOR ,1B
Ildemaro Vargas,0.555,ARI ,SS
Ryne Harper,0.555,MIN ,RP
