Player,Position,Team,TotalMoney,YearlySalary
Russell Wilson,QB,Seahawks,140.000,35.000
Ben Roethlisberger,QB,Steelers,68.000,34.000
Aaron Rodgers,QB,Packers,134.000,33.500
Jared Goff,QB,Rams,134.000,33.500
Carson Wentz,QB,Eagles,128.000,32.000
Matt Ryan,QB,Falcons,150.000,30.000
Kirk Cousins,QB,Vikings,84.000,28.000
Jacoby Brissett,QB,Colts,27.975,27.975
Jimmy Garoppolo,QB,49ers,137.500,27.500
Matt Stafford,QB,Lions,135.000,27.000
Derek Carr,QB,Raiders,125.025,25.005
Drew Brees,QB,Saints,50.000,25.000
Alex Smith,QB,Redskins,94.000,23.500
Khalil Mack,34OLB,Bears,141.000,23.500
Tom Brady,QB,Patriots,23.000,23.000
Aaron Donald,34DE,Rams,135.000,22.500
Joe Flacco,QB,Broncos,66.400,22.133
Nick Foles,QB,Jaguars,88.000,22.000
Julio Jones,WR,Falcons,66.000,22.000
Eli Manning,QB,Giants,84.000,21.000
Demarcus Lawrence,43DE,Cowboys,105.000,21.000
Philip Rivers,QB,Chargers,83.250,20.813
Frank Clark,43DE,Chiefs,104.000,20.800
Cam Newton,QB,Panthers,103.800,20.760
Michael Thomas,WR,Saints,96.250,19.250
Von Miller,34OLB,Broncos,114.500,19.083
Bobby Wagner,ILB,Seahawks,54.000,18.000
Tyreek Hill,WR,Chiefs,54.000,18.000
Trey Flowers,43DE,Lions,90.000,18.000
"Odell Beckham, Jr.",WR,Browns,90.000,18.000
Cameron Jordan,43DE,Saints,52.600,17.533
Fletcher Cox,43DT,Eagles,102.600,17.100
Dee Ford,43DE,49ers,85.000,17.000
Grady Jarrett,43DT,Falcons,68.000,17.000
Olivier Vernon,43DE,Browns,85.000,17.000
C.J. Mosley,ILB,Jets,85.000,17.000
J.J. Watt,34DE,Texans,100.000,16.667
Za'Darius Smith,34OLB,Packers,66.000,16.500
Mike Evans,WR,Buccaneers,82.500,16.500
Trent Brown,RT,Raiders,66.000,16.500
Chandler Jones,34OLB,Cardinals,82.500,16.500
Geno Atkins,43DT,Bengals,65.200,16.300
DeAndre Hopkins,WR,Texans,81.000,16.200
Brandin Cooks,WR,Rams,81.000,16.200
Adam Thielen,WR,Vikings,64.800,16.200
Kawann Short,43DT,Panthers,80.500,16.100
Melvin Ingram,43DE,Chargers,64.000,16.000
Taylor Lewan,LT,Titans,80.000,16.000
Andy Dalton,QB,Bengals,96.000,16.000
Sammy Watkins,WR,Chiefs,48.000,16.000
Nate Solder,LT,Giants,62.000,15.500
Jarvis Landry,WR,Browns,75.500,15.100
Jurrell Casey,34DE,Titans,60.400,15.100
Xavien Howard,CB,Dolphins,75.250,15.050
Jason Pierre-Paul,43DE,Buccaneers,62.000,15.000
Ezekiel Elliott,RB,Cowboys,90.000,15.000
Calais Campbell,43DE,Jaguars,60.000,15.000
Josh Norman,CB,Redskins,75.000,15.000
A.J. Green,WR,Bengals,60.000,15.000
Jadeveon Clowney,34OLB,Seahawks,15.000,15.000
Everson Griffen,43DE,Vikings,58.000,14.500
Trumaine Johnson,CB,Jets,72.500,14.500
Jake Matthews,LT,Falcons,72.500,14.500
Davante Adams,WR,Packers,58.000,14.500
Danielle Hunter,43DE,Vikings,72.000,14.400
Stefon Diggs,WR,Vikings,72.000,14.400
Todd Gurley,RB,Rams,57.500,14.375
Myles Jack,ILB,Jaguars,57.000,14.250
Deion Jones,ILB,Falcons,57.000,14.250
Kevin Byard,S,Titans,70.500,14.100
Marcell Dareus,43DT,Jaguars,28.085,14.043
Xavier Rhodes,CB,Vikings,70.100,14.020
Patrick Peterson,CB,Cardinals,70.050,14.010
Zack Martin,RG,Cowboys,84.000,14.000
Tyrann Mathieu,S,Chiefs,42.000,14.000
Kyle Fuller,CB,Bears,56.000,14.000
Allen Robinson,WR,Bears,42.000,14.000
Landon Collins,S,Redskins,84.000,14.000
Joe Staley,LT,49ers,28.000,14.000
Earl Thomas,S,Ravens,55.000,13.750
Donovan Smith,LT,Buccaneers,41.250,13.750
Desmond Trufant,CB,Falcons,68.750,13.750
Anthony Barr,43OLB,Vikings,67.500,13.500
A.J. Bouye,CB,Jaguars,67.500,13.500
Carlos Dunlap,43DE,Bengals,40.500,13.500
Kwon Alexander,43OLB,49ers,54.000,13.500
Brandon Graham,43DE,Eagles,40.000,13.333
Andrew Norwell,LG,Jaguars,66.500,13.300
Russell Okung,LT,Chargers,53.000,13.250
Trent Williams,LT,Redskins,66.000,13.200
Le'Veon Bell,RB,Jets,52.500,13.125
TY Hilton,WR,Colts,65.000,13.000
David Johnson,RB,Cardinals,39.000,13.000
Alshon Jeffery,WR,Eagles,52.000,13.000
Preston Smith,34OLB,Packers,52.000,13.000
Terron Armstead,LT,Saints,65.000,13.000
Stephon Gilmore,CB,Patriots,65.000,13.000
Ja'Wuan James,RT,Broncos,51.000,12.750
Jaylon Smith,ILB,Cowboys,63.750,12.750
Linval Joseph,43DT,Vikings,50.000,12.500
Janoris Jenkins,CB,Giants,62.500,12.500
Luke Kuechly,ILB,Panthers,61.795,12.359
Sheldon Richardson,43DT,Browns,37.000,12.333
Malcolm Butler,CB,Titans,61.250,12.250
Tyron Smith,LT,Cowboys,97.600,12.200
"Chris Harris, Jr.",CB,Broncos,12.050,12.050
Darius Slay,CB,Lions,48.000,12.000
David Bakhtiari,LT,Packers,48.000,12.000
Stephon Tuitt,34DE,Steelers,60.000,12.000
Eric Fisher,LT,Chiefs,48.000,12.000
Cordy Glenn,LT,Bengals,60.000,12.000
Akiem Hicks,34DE,Bears,48.000,12.000
Kevin Zeitler,RG,Giants,60.000,12.000
"Dante Fowler, Jr.",34OLB,Rams,12.000,12.000
Reshad Jones,S,Dolphins,48.000,12.000
Riley Reiff,LT,Vikings,58.750,11.750
Ryan Kerrigan,34OLB,Redskins,57.500,11.500
Duane Brown,LT,Seahawks,34.500,11.500
Justin Houston,43DE,Colts,23.000,11.500
Casey Hayward,CB,Chargers,34.250,11.417
Rodney Hudson,C,Raiders,33.750,11.250
Lane Johnson,RT,Eagles,56.250,11.250
Keenan Allen,WR,Chargers,45.000,11.250
Andrew Whitworth,LT,Rams,33.750,11.250
Damon Harrison,34DT,Lions,11.250,11.250
Trai Turner,RG,Panthers,45.000,11.250
Mitch Morse,C,Bills,44.500,11.125
Tyrell Williams,WR,Raiders,44.400,11.100
Michael Brockers,34DE,Rams,33.250,11.083
Nick Martin,C,Texans,33.000,11.000
Gabe Jackson,RG,Raiders,55.000,11.000
Larry Fitzgerald,WR,Cardinals,11.000,11.000
Joe Haden,CB,Steelers,22.000,11.000
Maurkice Pouncey,C,Steelers,22.000,11.000
Emmanuel Sanders,WR,49ers,33.000,11.000
Kareem Jackson,S,Broncos,33.000,11.000
Rodger Saffold,LG,Titans,44.000,11.000
Anthony Castonzo,LT,Colts,43.812,10.953
Ali Marpet,LG,Buccaneers,54.125,10.825
Tyler Boyd,WR,Bengals,43.000,10.750
Jerry Hughes,43DE,Bills,21.500,10.750
Tyler Lockett,WR,Seahawks,31.800,10.600
Eddie Goldman,34DT,Bears,42.040,10.510
Ryan Jensen,C,Buccaneers,42.000,10.500
Alec Ogletree,ILB,Giants,42.000,10.500
Brandon Williams,34DE,Ravens,52.500,10.500
Dre Kirkpatrick,CB,Bengals,52.500,10.500
Lamarcus Joyner,S,Raiders,42.000,10.500
Cameron Heyward,34DE,Steelers,52.281,10.456
Brandon Linder,C,Jaguars,51.703,10.341
Jimmy Smith,CB,Ravens,41.102,10.276
Cody Whitehair,C,Bears,51.250,10.250
Harrison Smith,S,Vikings,51.250,10.250
Sterling Shepard,WR,Giants,41.000,10.250
Lavonte David,ILB,Buccaneers,50.250,10.050
Star Lotulelei,43DT,Bills,50.000,10.000
Benardrick McKinney,ILB,Texans,50.000,10.000
Devin Funchess,WR,Colts,10.000,10.000
David DeCastro,RG,Steelers,50.000,10.000
Eric Kendricks,ILB,Vikings,50.000,10.000
Malik Jackson,43DT,Eagles,30.000,10.000
Joel Bitonio,LG,Browns,50.000,10.000
La'el Collins,RT,Cowboys,50.000,10.000
Jimmy Graham,TE,Packers,30.000,10.000
Marshal Yanda,RG,Ravens,10.000,10.000
Logan Ryan,CB,Titans,30.000,10.000
Bradley Roby,CB,Texans,10.000,10.000
Christian Kirksey,43OLB,Browns,38.000,9.500
Jamison Crowder,WR,Jets,28.500,9.500
Devin McCourty,S,Patriots,47.500,9.500
Ricky Wagner,RT,Lions,47.500,9.500
Aqib Talib,CB,Dolphins,57.000,9.500
Weston Richburg,C,49ers,47.500,9.500
Travis Frederick,C,Cowboys,56.400,9.400
Golden Tate,WR,Giants,37.500,9.375
Travis Kelce,TE,Chiefs,46.842,9.368
Jordan Reed,TE,Redskins,46.750,9.350
Dontari Poe,43DT,Panthers,28.000,9.333
"Charles Leno, Jr.",LT,Bears,37.000,9.250
Ndamukong Suh,34DE,Buccaneers,9.250,9.250
Derek Wolfe,34DE,Broncos,36.700,9.175
Richard Sherman,CB,49ers,27.150,9.050
Kyle Rudolph,TE,Vikings,36.100,9.025
Matt Paradis,C,Panthers,27.030,9.010
Justin Pugh,RG,Cardinals,45.025,9.005
Alex Mack,C,Falcons,45.000,9.000
Justin Coleman,CB,Lions,36.000,9.000
Quincy Enunwa,WR,Jets,36.000,9.000
DeSean Jackson,WR,Eagles,27.000,9.000
Ronald Leary,RG,Broncos,36.000,9.000
Tyrone Crawford,43DT,Cowboys,45.000,9.000
Shaquille Mason,RG,Patriots,45.000,9.000
Prince Amukamara,CB,Bears,27.000,9.000
Adrian Amos,S,Packers,36.000,9.000
Anthony Hitchens,43OLB,Chiefs,45.000,9.000
Adam Humphries,WR,Titans,36.000,9.000
John Brown,WR,Bills,27.000,9.000
Justin Britt,C,Seahawks,27.000,9.000
Ezekiel Ansah,43DE,Seahawks,9.000,9.000
Dont'a Hightower,43OLB,Patriots,35.500,8.875
Kyler Murray,QB,Cardinals,35.159,8.790
Malcolm Jenkins,S,Eagles,35.000,8.750
Tavon Young,CB,Ravens,25.800,8.600
Greg Olsen,TE,Panthers,17.100,8.550
Steven Nelson,CB,Steelers,25.500,8.500
Jabaal Sheard,43DE,Colts,25.500,8.500
Zach Ertz,TE,Eagles,42.500,8.500
Delanie Walker,TE,Titans,17.000,8.500
Mike Pouncey,C,Chargers,8.500,8.500
Tony Jefferson,S,Ravens,34.000,8.500
Marqise Lee,WR,Jaguars,34.000,8.500
Jordan Hicks,ILB,Cardinals,34.000,8.500
Corey Linsley,C,Packers,25.500,8.500
Larry Warford,RG,Saints,34.000,8.500
Ryan Kalil,C,Jets,8.400,8.400
Henry Anderson,34DE,Jets,25.200,8.400
Nick Bosa,43DE,49ers,33.552,8.388
Michael Bennett,43DE,Cowboys,16.750,8.375
Kenny Moore,CB,Colts,33.300,8.325
Laurent Duvernay-Tardif,RG,Chiefs,41.265,8.253
Devonta Freeman,RB,Falcons,41.250,8.250
Baker Mayfield,QB,Browns,32.683,8.171
Jason Kelce,C,Eagles,24.500,8.167
Quinnen Williams,34DT,Jets,32.529,8.132
Rob Havenstein,RT,Rams,32.500,8.125
Mike Daniels,43DT,Lions,8.100,8.100
Gerald McCoy,43DT,Panthers,8.000,8.000
Kenny Stills,WR,Texans,32.000,8.000
Robert Quinn,43DE,Cowboys,8.000,8.000
Kelvin Beachum,LT,Jets,24.000,8.000
Demario Davis,ILB,Saints,24.000,8.000
Brandon Brooks,RG,Eagles,40.000,8.000
Morgan Moses,RT,Redskins,40.000,8.000
Trey Burton,TE,Bears,32.000,8.000
Albert Wilson,WR,Dolphins,24.000,8.000
Paul Richardson,WR,Redskins,40.000,8.000
Marvin Jones,WR,Lions,40.000,8.000
Bobby Massie,RT,Bears,32.000,8.000
Clelin Ferrell,43DE,Raiders,31.361,7.840
Saquon Barkley,RB,Giants,31.195,7.799
Julian Edelman,WR,Patriots,15.500,7.750
Nigel Bradham,ILB,Eagles,31.000,7.750
T.J. Carrie,CB,Browns,31.000,7.750
Cameron Wake,34OLB,Titans,23.000,7.667
Myles Garrett,43DE,Browns,30.412,7.603
Sam Darnold,QB,Jets,30.248,7.562
Jared Cook,TE,Saints,15.000,7.500
Trent Murphy,43DE,Bills,22.500,7.500
Pierre Desir,CB,Colts,22.500,7.500
Avery Williamson,ILB,Jets,22.500,7.500
Mario Addison,43DE,Panthers,22.500,7.500
Case Keenum,QB,Redskins,7.500,7.500
Jerick McKinnon,RB,49ers,30.000,7.500
Robert Alford,CB,Cardinals,22.500,7.500
Tashaun Gipson,S,Texans,22.500,7.500
Eric Reid,S,Panthers,22.050,7.350
Devin White,ILB,Buccaneers,29.316,7.329
Chris Hubbard,RT,Browns,36.500,7.300
Denzel Ward,CB,Browns,29.165,7.291
Mitchell Trubisky,QB,Bears,29.032,7.258
Tyler Higbee,TE,Rams,29.000,7.250
Cole Beasley,WR,Bills,29.000,7.250
Teddy Bridgewater,QB,Saints,7.250,7.250
Brian Winters,RG,Jets,29.000,7.250
Matt Ioannidis,34DE,Redskins,21.750,7.250
Solomon Thomas,43DE,49ers,28.154,7.039
Danny Trevathan,ILB,Bears,28.000,7.000
DaQuan Jones,34DE,Titans,21.000,7.000
Ryan Tannehill,QB,Titans,7.000,7.000
Terrell Suggs,34OLB,Cardinals,7.000,7.000
Bryce Callahan,CB,Broncos,21.000,7.000
K.J. Wright,43OLB,Seahawks,14.000,7.000
Zach Fulton,LG,Texans,28.000,7.000
Billy Turner,LG,Packers,28.000,7.000
Patrick Chung,S,Patriots,7.000,7.000
Jonathan Jones,CB,Patriots,21.000,7.000
Bradley Chubb,34OLB,Broncos,27.271,6.818
Robert Woods,WR,Rams,34.000,6.800
Cameron Brate,TE,Buccaneers,40.800,6.800
Leonard Fournette,RB,Jaguars,27.151,6.787
Dean Lowry,34DE,Packers,20.325,6.775
Bryan Bulaga,RT,Packers,33.750,6.750
Ben Jones,C,Titans,13.500,6.750
Bobby McCain,S,Dolphins,27.000,6.750
Vance McDonald,TE,Steelers,32.500,6.500
Greg Robinson,LT,Browns,6.500,6.500
Eric Ebron,TE,Colts,13.000,6.500
Ricardo Allen,S,Falcons,19.500,6.500
Whitney Mercilus,34OLB,Texans,26.000,6.500
Ronald Darby,CB,Eagles,6.500,6.500
Jaquiski Tartt,S,49ers,13.000,6.500
Taylor Gabriel,WR,Bears,26.000,6.500
Mohamed Sanu,WR,Patriots,32.500,6.500
Lamar Miller,RB,Texans,26.000,6.500
Marcus Cannon,RT,Patriots,32.500,6.500
Joey Bosa,43DE,Chargers,25.874,6.468
Daniel Jones,QB,Giants,25.664,6.416
Corey Davis,WR,Titans,25.395,6.349
Jameis Winston,QB,Buccaneers,25.351,6.338
D.J. Hayden,CB,Jaguars,19.000,6.333
Tahir Whitehead,43OLB,Raiders,19.000,6.333
Jack Doyle,TE,Colts,18.900,6.300
Marquise Goodwin,WR,49ers,18.850,6.283
Tyler Kroft,TE,Bills,18.750,6.250
Vince Williams,ILB,Steelers,18.600,6.200
Quandre Diggs,S,Seahawks,18.600,6.200
CJ Uzomah,TE,Bengals,18.300,6.100
Kyle Long,RG,Bears,12.200,6.100
Micah Hyde,S,Bills,30.500,6.100
Jamon Brown,RG,Falcons,18.250,6.083
Marcus Mariota,QB,Titans,24.214,6.053
Denzel Perryman,ILB,Chargers,12.050,6.025
Leonard Williams,34DE,Giants,30.038,6.008
Willie Snead,WR,Ravens,6.000,6.000
Jason Peters,LT,Eagles,6.000,6.000
Daryl Williams,RT,Panthers,6.000,6.000
Alejandro Villanueva,LT,Steelers,24.000,6.000
Brandon Carr,CB,Ravens,24.000,6.000
Darryl Roberts,CB,Jets,18.000,6.000
Alex Okafor,43DE,Chiefs,18.000,6.000
Kenny Vaccaro,S,Titans,24.000,6.000
Johnathan Joseph,CB,Texans,6.000,6.000
Marcus Gilbert,RT,Cardinals,30.000,6.000
Nick Boyle,TE,Ravens,18.000,6.000
Mark Barron,ILB,Steelers,12.000,6.000
Quenton Nelson,LG,Colts,23.889,5.972
Denico Autry,43DT,Colts,17.800,5.933
Jalen Ramsey,CB,Rams,23.351,5.838
Devon Kennard,43OLB,Lions,17.250,5.750
Kiko Alonso,43OLB,Saints,11.400,5.700
John Miller,RG,Bengals,17.100,5.700
Josh Allen,43DE,Jaguars,22.743,5.686
Amari Cooper,WR,Cowboys,22.663,5.666
Jesse James,TE,Lions,22.600,5.650
Isaac Seumalo,LG,Eagles,17.627,5.626
Nick Easton,LG,Saints,22.500,5.625
J.C. Tretter,C,Browns,16.750,5.583
Jamal Adams,S,Jets,22.259,5.565
Preston Brown,ILB,Bengals,16.500,5.500
Tyrod Taylor,QB,Chargers,11.000,5.500
Laken Tomlinson,LG,49ers,16.500,5.500
Demar Dotson,RT,Buccaneers,16.500,5.500
Ryan Fitzpatrick,QB,Dolphins,11.000,5.500
Buster Skrine,CB,Bears,16.500,5.500
William Gholston,34DE,Buccaneers,27.500,5.500
Lane Taylor,LG,Packers,16.500,5.500
Mark Glowinski,RG,Colts,16.200,5.400
Bobby Hart,RT,Bengals,16.150,5.383
Kyle Van Noy,43OLB,Patriots,10.750,5.375
Brandon Scherff,RG,Redskins,21.216,5.304
Josh Allen,QB,Bills,21.183,5.296
Eric Weddle,S,Rams,10.502,5.251
Allen Bailey,43DE,Falcons,10.500,5.250
Thomas Davis,43OLB,Chargers,10.500,5.250
Kyle Juszczyk,FB,49ers,21.000,5.250
James Carpenter,LG,Falcons,21.000,5.250
Nickell Robey-Coleman,CB,Rams,15.675,5.225
Duke Johnson,RB,Texans,15.610,5.203
Josh Kline,RG,Vikings,15.500,5.167
Ronnie Stanley,LT,Ravens,20.484,5.121
AJ Cann,RG,Jaguars,15.055,5.018
Jesse Davis,RT,Dolphins,15.050,5.017
Cordarrelle Patterson,WR,Bears,10.000,5.000
Todd Davis,ILB,Broncos,15.000,5.000
Kareem Martin,34OLB,Giants,15.000,5.000
Patrick Robinson,CB,Saints,20.000,5.000
Jason McCourty,CB,Patriots,10.000,5.000
DeVante Parker,WR,Dolphins,10.000,5.000
Vernon Davis,TE,Redskins,15.000,5.000
Ty Nsekhe,RT,Bills,10.000,5.000
Mark Ingram,RB,Ravens,15.000,5.000
Jason Pierre-Paul,43DE,Buccaneers,5.000,5.000
Chase Daniel,QB,Bears,10.000,5.000
Tramon Williams,CB,Packers,10.000,5.000
Randall Cobb,WR,Cowboys,5.000,5.000
Malcom Brown,43DT,Saints,15.000,5.000
A.J. Klein,43OLB,Saints,15.000,5.000
Justin Tucker,K,Ravens,20.000,5.000
T.J. Hockenson,TE,Lions,19.821,4.955
Dion Lewis,RB,Titans,19.800,4.950
Mike Williams,WR,Chargers,19.750,4.938
Jakeem Grant,WR,Dolphins,19.700,4.925
Ed Oliver,43DT,Bills,19.675,4.919
Shawn Williams,S,Bengals,19.500,4.875
Giovani Bernard,RB,Bengals,9.700,4.850
Robbie Gould,K,49ers,19.000,4.750
Ty Sambrailo,RT,Falcons,14.250,4.750
Devin Bush,ILB,Steelers,18.872,4.718
Brandon Mebane,43DT,Chargers,9.300,4.650
Clay Matthews,34OLB,Rams,9.250,4.625
Roquan Smith,ILB,Bears,18.477,4.619
Mike McGlinchey,RT,49ers,18.342,4.585
DeForest Buckner,43DT,49ers,18.191,4.548
Donte Moncrief,WR,Panthers,9.000,4.500
Jimmie Ward,CB,49ers,4.500,4.500
Jordan Phillips,43DT,Bills,4.500,4.500
Margus Hunt,43DE,Colts,9.000,4.500
J.R. Sweezy,RG,Cardinals,9.000,4.500
Mychal Kendricks,43OLB,Seahawks,4.500,4.500
Danny Amendola,WR,Lions,4.500,4.500
Bradley McDougald,S,Seahawks,13.500,4.500
Rhett Ellison,TE,Giants,18.000,4.500
Darqueze Dennard,CB,Bengals,4.500,4.500
Jonah Williams,LT,Bengals,17.630,4.408
Josh Rosen,QB,Dolphins,17.598,4.399
James Hurst,RT,Ravens,17.500,4.375
Christian McCaffrey,RB,Panthers,17.241,4.310
John Ross,WR,Bengals,17.116,4.279
Tevin Coleman,RB,49ers,8.500,4.250
Jason Witten,TE,Cowboys,4.250,4.250
Graham Gano,K,Panthers,17.000,4.250
Johnathan Hankins,43DT,Raiders,8.500,4.250
Stephen Gostkowski,K,Patriots,8.500,4.250
Duron Harmon,S,Patriots,17.000,4.250
Chris Boswell,K,Steelers,16.806,4.202
Seantrel Henderson,RT,Texans,4.200,4.200
Spencer Long,C,Bills,12.600,4.200
Shamar Stephen,43DT,Vikings,12.450,4.150
Cameron Erving,LT,Chiefs,8.279,4.140
Ramon Foster,LG,Steelers,8.250,4.125
Minkah Fitzpatrick,S,Steelers,16.448,4.112
Patrick Mahomes,QB,Chiefs,16.426,4.106
Harrison Butker,K,Chiefs,20.275,4.055
Wil Lutz,K,Saints,20.250,4.050
Mason Crosby,K,Packers,16.100,4.025
Travis Benjamin,WR,Chargers,4.000,4.000
Brian Hoyer,QB,Colts,12.000,4.000
Breshad Perriman,WR,Buccaneers,4.000,4.000
Daniel Sorensen,S,Chiefs,16.000,4.000
Ryan Succop,K,Titans,20.000,4.000
Beau Allen,43DT,Buccaneers,4.000,4.000
Anthony Chickillo,34OLB,Steelers,8.000,4.000
Tyler Eifert,TE,Bengals,4.000,4.000
Shaquil Barrett,34OLB,Buccaneers,4.000,4.000
Jake Ryan,ILB,Jaguars,8.000,4.000
Angelo Blackson,34DE,Texans,12.000,4.000
Jeff Heuerman,TE,Broncos,8.000,4.000
Rodney McLeod,S,Eagles,4.000,4.000
Bruce Irvin,43DE,Panthers,4.000,4.000
James White,RB,Patriots,12.000,4.000
Corey Peters,34DT,Cardinals,12.000,4.000
Chris Smith,43DE,Browns,12.000,4.000
Jack Conklin,RT,Titans,15.898,3.974
Rashan Gary,34OLB,Packers,15.877,3.969
Leonard Floyd,34OLB,Bears,15.783,3.946
Daniel Kilgore,C,Dolphins,11.750,3.925
Thomas Morstead,P,Saints,15.600,3.900
Adam Vinatieri,K,Colts,3.875,3.875
Stephen Hauschka,K,Bills,7.750,3.875
Abry Jones,43DT,Jaguars,15.500,3.875
Jason Myers,K,Seahawks,15.450,3.863
Christian Wilkins,43DT,Dolphins,15.439,3.860
Marshon Lattimore,CB,Saints,15.360,3.840
Wesley Woodyard,ILB,Titans,7.650,3.825
Matt Prater,K,Lions,11.400,3.800
Eli Apple,CB,Saints,15.152,3.788
Josh Lambo,K,Jaguars,15.500,3.785
Brandon McManus,K,Broncos,11.254,3.751
Markus Golden,34OLB,Giants,3.750,3.750
Johnny Hekker,P,Rams,18.750,3.750
Lorenzo Alexander,43OLB,Bills,3.750,3.750
Cameron Fleming,LT,Cowboys,7.500,3.750
Brennan Scarlett,34OLB,Texans,3.750,3.750
Vita Vea,34DT,Buccaneers,14.824,3.706
Bud Dupree,34OLB,Steelers,18.454,3.691
Chris Lindstrom,RG,Falcons,14.709,3.677
Ted Ginn,WR,Saints,11.000,3.667
Ryan Shazier,ILB,Steelers,18.225,3.645
Jon Feliciano,RG,Bills,7.250,3.625
Vic Beasley,43OLB,Falcons,14.495,3.624
Da'Ron Payne,34DT,Redskins,14.418,3.605
Dwayne Haskins,QB,Redskins,14.417,3.604
Latavius Murray,RB,Saints,14.400,3.600
Lawrence Guy,43DT,Patriots,14.400,3.600
Ed Dickson,TE,Seahawks,10.700,3.567
Vernon Hargreaves,CB,Buccaneers,14.178,3.544
Eric Rowe,CB,Dolphins,3.500,3.500
Sean Lee,43OLB,Cowboys,3.500,3.500
B.W. Webb,CB,Bengals,10.500,3.500
Chris Thompson,RB,Redskins,7.000,3.500
Quinton Dunbar,CB,Redskins,10.500,3.500
Deshaun Watson,QB,Texans,13.854,3.464
Marcus Davenport,43DE,Saints,13.742,3.435
Barkevious Mingo,34OLB,Texans,6.800,3.400
Romeo Okwara,43DE,Lions,6.800,3.400
Brian Burns,43DE,Panthers,13.540,3.385
Haason Reddick,ILB,Cardinals,13.478,3.370
Kolton Miller,LT,Raiders,13.471,3.368
Chad Henne,QB,Chiefs,6.700,3.350
Terrance Mitchell,CB,Browns,10.000,3.333
Dexter Lawrence,34DE,Giants,13.248,3.312
Ross Cockrell,CB,Panthers,6.600,3.300
Geoff Swaim,TE,Jaguars,6.600,3.300
Rex Burkhead,RB,Patriots,9.750,3.250
Drew Stanton,QB,Browns,6.500,3.250
Antoine Bethea,S,Giants,6.500,3.250
Sam Koch,P,Ravens,16.250,3.250
Ereck Flowers,LG,Redskins,3.250,3.250
Morgan Burnett,S,Browns,7.500,3.250
Jordan Poyer,S,Bills,13.000,3.250
Colt McCoy,QB,Redskins,6.500,3.250
Trae Waynes,CB,Vikings,12.944,3.236
Garrett Bradbury,C,Vikings,12.883,3.221
Derek Barnett,43DE,Eagles,12.851,3.213
Sheldon Rankins,43DT,Saints,12.802,3.200
Brett Kern,P,Titans,12.550,3.183
Christian Jones,43OLB,Lions,6.350,3.175
Jeffery Simmons,34DE,Titans,12.664,3.166
Tremaine Edmunds,ILB,Bills,12.660,3.165
Malik Hooker,S,Colts,12.600,3.150
Noah Fant,TE,Broncos,12.591,3.148
Darnell Savage Jr.,S,Packers,12.518,3.129
Senio Kelemete,LG,Texans,6.250,3.125
Laremy Tunsil,LT,Texans,12.458,3.114
Derwin James,S,Chargers,12.389,3.097
George Fant,LT,Seahawks,3.095,3.095
B.J. Finney,C,Steelers,3.095,3.095
Robby Anderson,WR,Jets,3.095,3.095
Daryl Worley,CB,Raiders,3.095,3.095
Jalen Richard,RB,Raiders,3.095,3.095
Trey Hopkins,C,Bengals,3.095,3.095
Patrick Onwuasor,ILB,Ravens,3.095,3.095
Michael Pierce,34DT,Ravens,3.095,3.095
Anthony Harris,S,Vikings,3.095,3.095
Nate Sudfeld,QB,Eagles,3.095,3.095
Chester Rogers,WR,Colts,3.095,3.095
Ka'imi Fairbairn,K,Texans,3.095,3.095
Shelby Harris,34DE,Broncos,3.095,3.095
Cory Littleton,ILB,Rams,3.095,3.095
Andre Dillard,LT,Eagles,12.372,3.093
Jaire Alexander,CB,Packers,12.051,3.013
Kevin Johnson,CB,Bills,3.000,3.000
Demetrius Harris,TE,Browns,6.000,3.000
Lee Smith,TE,Bills,9.000,3.000
DJ Fluker,RG,Seahawks,6.000,3.000
Mike Davis,RB,Bears,6.000,3.000
Jason Verrett,CB,49ers,3.000,3.000
Brian Poole,CB,Jets,3.000,3.000
David Andrews,C,Patriots,9.000,3.000
Ha-Ha Clinton-Dix,S,Bears,3.000,3.000
LeSean McCoy,RB,Chiefs,3.000,3.000
AJ McCarron,QB,Texans,3.000,3.000
Demaryius Thomas,WR,Jets,3.000,3.000
Greg Mancz,C,Texans,6.000,3.000
Josh Jacobs,RB,Raiders,11.933,2.983
Karl Joseph,S,Raiders,11.884,2.971
Leighton Vander Esch,43OLB,Cowboys,11.848,2.962
Marlon Humphrey,CB,Ravens,11.847,2.962
Josh Hill,TE,Saints,8.850,2.950
K'Waun Williams,CB,49ers,8.850,2.950
Marquise Brown,WR,Ravens,11.787,2.947
Frank Ragnow,LG,Lions,11.780,2.945
Billy Price,C,Bengals,11.712,2.928
Damien Wilson,43OLB,Chiefs,5.835,2.918
Montez Sweat,34OLB,Redskins,11.641,2.910
Matt Bosher,P,Falcons,14.500,2.900
Raheem Mostert,RB,49ers,8.650,2.900
Rigoberto Sanchez,P,Colts,11.600,2.900
Jonathan Allen,34DE,Redskins,11.597,2.899
Rashaan Evans,ILB,Titans,11.577,2.894
Tyson Alualu,34DE,Steelers,5.750,2.875
Johnathan Abram,S,Raiders,11.495,2.874
Virgil Green,TE,Chargers,8.600,2.867
Isaiah Wynn,LT,Patriots,11.442,2.860
Jerry Tillery,43DT,Chargers,11.422,2.856
Andrus Peat,LG,Saints,11.393,2.848
Adoree' Jackson,CB,Titans,11.283,2.821
Geronimo Allison,WR,Packers,2.800,2.800
Carlos Hyde,RB,Texans,2.800,2.800
D.J. Moore,WR,Panthers,11.171,2.793
O.J. Howard,TE,Buccaneers,11.095,2.774
Hayden Hurst,TE,Ravens,11.036,2.759
Garett Bolles,LT,Broncos,11.032,2.758
Lerentee McCray,43OLB,Jaguars,5.500,2.750
Bradley Pinion,P,Buccaneers,11.000,2.750
Mike Person,LG,49ers,8.250,2.750
Steve McLendon,34DT,Jets,2.750,2.750
Luke Stocker,TE,Falcons,5.500,2.750
Mike Iupati,LG,Seahawks,2.750,2.750
Clayton Geathers,S,Colts,2.750,2.750
Spencer Pulley,C,Giants,8.250,2.750
Jarrad Davis,ILB,Lions,10.969,2.742
Taylor Decker,LT,Lions,10.967,2.742
Calvin Ridley,WR,Falcons,10.901,2.725
Charles Harris,43DE,Dolphins,10.844,2.711
L.J. Collier,43DE,Seahawks,10.836,2.709
Rashaad Penny,RB,Seahawks,10.765,2.691
Keanu Neal,S,Falcons,10.738,2.684
Evan Engram,TE,Giants,10.719,2.680
Terrell Edmunds,S,Steelers,10.698,2.674
Melvin Gordon,RB,Chargers,10.670,2.667
Kevin Huber,P,Bengals,7.950,2.650
Deandre Baker,CB,Giants,10.526,2.631
Troy Hill,CB,Rams,5.251,2.625
Gareon Conley,CB,Texans,10.468,2.617
Ryan Kelly,C,Colts,10.451,2.613
Phillip Dorsett,WR,Patriots,2.600,2.600
Jabrill Peppers,S,Giants,10.342,2.586
Shaq Lawson,43DE,Bills,10.279,2.570
Kaleb McGary,RT,Falcons,10.266,2.566
Darron Lee,43OLB,Chiefs,10.222,2.555
Takkarist McKinley,43DE,Falcons,10.217,2.554
Damien Williams,RB,Chiefs,5.100,2.550
Will Fuller,WR,Texans,10.164,2.541
Taven Bryan,43DT,Jaguars,10.155,2.539
Xavier Williams,43DT,Chiefs,5.057,2.529
Dustin Hopkins,K,Redskins,7.575,2.525
N'Keal Harry,WR,Patriots,10.098,2.525
Tre'Davious White,CB,Bills,10.091,2.523
Adrian Peterson,RB,Redskins,5.030,2.515
Taco Charlton,43DE,Dolphins,10.029,2.507
Michael Palardy,P,Panthers,7.520,2.507
Michael Schofield,RG,Chargers,5.000,2.500
Jarius Wright,WR,Panthers,7.500,2.500
Dustin Colquitt,P,Chiefs,7.500,2.500
Kenny Wiggins,RG,Lions,5.000,2.500
Theo Riddick,RB,Broncos,2.500,2.500
Nate Ebner,S,Patriots,5.000,2.500
Garrett Celek,TE,49ers,10.000,2.500
Mike Remmers,RT,Giants,2.500,2.500
Erik Harris,S,Raiders,5.000,2.500
Jonotthan Harrison,C,Jets,5.000,2.500
Adarius Taylor,43OLB,Browns,5.000,2.500
Matt Slater,WR,Patriots,5.000,2.500
Josh Bellamy,WR,Jets,5.000,2.500
Cody Davis,S,Jaguars,5.000,2.500
Allen Hurns,WR,Dolphins,2.500,2.500
Jack Crawford,43DT,Falcons,9.900,2.475
Mike Hughes,CB,Vikings,9.867,2.467
Arik Armstead,43DE,49ers,9.843,2.461
William Jackson III,CB,Bengals,9.706,2.426
Jarrod Wilson,S,Jaguars,7.250,2.417
Sony Michel,RB,Patriots,9.627,2.407
Artie Burns,CB,Steelers,9.591,2.398
Marcus Peters,CB,Ravens,9.584,2.396
David Njoku,TE,Browns,9.525,2.381
Lamar Jackson,QB,Ravens,9.472,2.368
Nelson Agholor,WR,Eagles,9.377,2.344
Kenny Clark,34DT,Packers,9.362,2.340
T.J. Watt,34OLB,Steelers,9.259,2.315
Andre Roberts,WR,Bills,4.600,2.300
Chris Conley,WR,Jaguars,4.595,2.298
Austin Reiter,C,Chiefs,4.550,2.275
Reuben Foster,ILB,Redskins,9.036,2.259
Greg Zuerlein,K,Rams,6.750,2.250
Kendall Lamm,RT,Browns,4.500,2.250
PJ Williams,CB,Saints,2.250,2.250
Al Woods,43DT,Seahawks,2.250,2.250
Vinny Curry,43DE,Eagles,2.250,2.250
DJ Humphries,LT,Cardinals,8.912,2.228
Ryan Ramczyk,RT,Saints,8.892,2.223
Shaq Thompson,43OLB,Panthers,8.809,2.202
Chris Jones,P,Cowboys,8.700,2.175
Byron Jones,CB,Cowboys,8.602,2.150
Tyler Larsen,C,Panthers,4.300,2.150
Rashaan Melvin,CB,Lions,2.150,2.150
Peyton Barber,RB,Buccaneers,2.125,2.125
Tre Boston,S,Panthers,2.125,2.125
Randy Bullock,K,Bengals,4.205,2.103
Marcedes Lewis,TE,Packers,2.100,2.100
Patrick DiMarco,FB,Bills,8.400,2.100
Vernon Butler,43DT,Panthers,8.397,2.099
John Simon,43DE,Patriots,4.150,2.075
Germain Ifedi,RT,Seahawks,8.265,2.066
Craig Robertson,43OLB,Saints,4.100,2.050
Quinton Spain,LG,Bills,2.050,2.050
Donald Penn,LT,Redskins,2.030,2.030
Jordan Lucas,S,Chiefs,2.025,2.025
Quinton Jefferson,43DE,Seahawks,2.025,2.025
Josh Gordon,WR,Seahawks,2.025,2.025
Alex Erickson,WR,Bengals,4.050,2.025
Rashard Higgins,WR,Browns,2.025,2.025
Rashod Hill,RT,Vikings,2.025,2.025
Brandon Dunn,34DT,Texans,2.025,2.025
Evan Boehm,RG,Dolphins,2.025,2.025
Ken Crawley,CB,Dolphins,2.025,2.025
Adrian Phillips,S,Chargers,2.000,2.000
Timmy Jernigan,43DT,Eagles,2.000,2.000
Robert Griffin III,QB,Ravens,4.000,2.000
Jamie Collins,43OLB,Patriots,2.000,2.000
Morris Claiborne,CB,Chiefs,2.000,2.000
Andy Lee,P,Cardinals,4.000,2.000
Frank Gore,RB,Bills,2.000,2.000
Matt Barkley,QB,Bills,4.000,2.000
Josh McCown,QB,Eagles,2.000,2.000
Damion Square,43DT,Chargers,2.000,2.000
Seth Roberts,WR,Ravens,2.000,2.000
Adrian Clayborn,43DE,Falcons,2.000,2.000
Bashaud Breeland,CB,Chiefs,2.000,2.000
Max Garcia,LG,Cardinals,2.000,2.000
LaAdrian Waddle,LT,Bills,2.000,2.000
Trevor Siemian,QB,Jets,2.000,2.000
Michael Thomas,S,Giants,4.000,2.000
Vontaze Burfict,ILB,Raiders,2.000,2.000
Daren Bates,ILB,Titans,6.000,2.000
Charles Clay,TE,Cardinals,2.000,2.000
Byron Murphy,CB,Cardinals,7.989,1.997
Rock Ya-Sin,CB,Colts,7.916,1.979
Damarious Randall,S,Browns,7.916,1.979
Jawaan Taylor,RT,Jaguars,7.843,1.961
Mike Glennon,QB,Raiders,1.950,1.950
Deebo Samuel,WR,49ers,7.697,1.924
Jeff Heath,S,Cowboys,7.671,1.918
Greg Little,LT,Panthers,7.639,1.910
Rontez Miles,S,Jets,1.907,1.907
Andy Janovich,FB,Broncos,5.700,1.900
Matt Schaub,QB,Falcons,3.780,1.890
Austin Corbett,C,Rams,7.518,1.880
Cody Ford,RT,Bills,7.507,1.877
Eric Kush,RG,Browns,3.750,1.875
Brett Hundley,QB,Cardinals,1.875,1.875
Will Hernandez,LG,Giants,7.451,1.863
Brandon Bolden,RB,Patriots,3.700,1.850
Jordan Berry,P,Steelers,3.700,1.850
Derek Carrier,TE,Raiders,5.550,1.850
Nevin Lawson,CB,Raiders,1.850,1.850
Nick Chubb,RB,Browns,7.383,1.846
Sean Murphy-Bunting,S,Buccaneers,7.376,1.844
Trayvon Mullen,CB,Raiders,7.259,1.815
Darius Leonard,43OLB,Colts,7.248,1.812
Denzelle Good,LG,Raiders,1.800,1.800
Joe Dahl,LG,Lions,3.600,1.800
Jamize Olawale,FB,Cowboys,5.400,1.800
James Develin,FB,Patriots,3.600,1.800
Joe Thomas,ILB,Cowboys,3.600,1.800
Braden Smith,RG,Colts,7.194,1.798
Dalton Risner,LG,Broncos,7.142,1.786
Kevin King,CB,Packers,7.081,1.770
Ronald Jones II,RB,Buccaneers,7.072,1.768
Cam Robinson,LT,Jaguars,7.018,1.755
Drew Lock,QB,Broncos,7.011,1.753
Sherrick McManis,CB,Bears,3.500,1.750
Christian Covington,43DT,Cowboys,1.750,1.750
Rodney Gunter,34DT,Cardinals,1.750,1.750
Brandon King,43OLB,Patriots,3.500,1.750
Pat O'Donnell,P,Bears,3.500,1.750
Tavon Austin,WR,Cowboys,1.750,1.750
Brandon Copeland,34OLB,Jets,1.750,1.750
Roosevelt Nix,FB,Steelers,6.975,1.744
James Daniels,LG,Bears,6.950,1.738
Jahlani Tavai,ILB,Lions,6.894,1.723
Courtland Sutton,WR,Broncos,6.842,1.710
Budda Baker,S,Cardinals,6.830,1.707
Sam Martin,P,Lions,1.700,1.700
Elgton Jenkins,C,Packers,6.783,1.696
Zay Jones,WR,Raiders,6.780,1.695
Harold Landry,34OLB,Titans,6.734,1.683
Forrest Lamp,RG,Chargers,6.687,1.672
Joejuan Williams,CB,Patriots,6.627,1.657
Mike Gesicki,TE,Dolphins,6.612,1.653
Emmanuel Ogbah,43DE,Chiefs,6.610,1.652
Malcolm Brown,RB,Rams,3.300,1.650
Marcus Maye,S,Jets,6.554,1.639
Kerryon Johnson,RB,Lions,6.504,1.626
Terrence Brooks,S,Patriots,3.250,1.625
Brooks Reed,34OLB,Cardinals,1.625,1.625
Greedy Williams,CB,Browns,6.459,1.615
Curtis Samuel,WR,Panthers,6.454,1.613
Dante Pettis,WR,49ers,6.401,1.600
Kevin Pamphile,RG,Titans,1.600,1.600
Blaine Gabbert,QB,Buccaneers,1.600,1.600
Dwayne Harris,WR,Raiders,1.600,1.600
Tom Compton,RG,Jets,1.600,1.600
TJ Yeldon,RB,Bills,3.200,1.600
Hunter Henry,TE,Chargers,6.380,1.595
Dalvin Cook,RB,Vikings,6.353,1.588
Mark Nzeocha,ILB,49ers,4.750,1.583
Josh Jackson,CB,Packers,6.256,1.564
Marcus Williams,S,Saints,6.240,1.560
Tress Way,P,Redskins,7.800,1.560
Marquise Blair,S,Seahawks,6.237,1.559
Chris Jones,43DT,Chiefs,6.231,1.558
Sidney Jones,CB,Eagles,6.140,1.535
Breeland Speaks,43DE,Chiefs,6.101,1.525
Dennis Kelly,RT,Titans,3.050,1.525
Nick Dzubnar,ILB,Chargers,3.050,1.525
Erik McCoy,LG,Saints,6.091,1.523
Gerald Everett,TE,Rams,6.044,1.511
Chris Milton,CB,Titans,1.500,1.500
Jaron Brown,WR,Seahawks,1.500,1.500
Aaron Lynch,34OLB,Bears,1.500,1.500
Darren Fells,TE,Texans,1.500,1.500
Neville Hewitt,ILB,Jets,1.500,1.500
Cody Latimer,WR,Giants,1.500,1.500
Julian Stanford,ILB,Bills,3.000,1.500
Russell Shepard,WR,Giants,1.500,1.500
Chris Reed,C,Dolphins,2.975,1.488
Ben Banogu,43DE,Colts,5.945,1.486
Adam Shaheen,TE,Bears,5.911,1.478
Christian Kirk,WR,Cardinals,5.895,1.474
Justin Bethel,CB,Patriots,2.930,1.465
Reggie Ragland,ILB,Chiefs,5.841,1.460
Ryan Griffin,QB,Buccaneers,2.900,1.450
Chris Hogan,WR,Panthers,1.450,1.450
Bradley Sowell,TE,Bears,1.450,1.450
Irv Smith Jr.,TE,Vikings,5.798,1.450
Quincy Wilson,CB,Colts,5.766,1.442
Uchenna Nwosu,43OLB,Chargers,5.760,1.440
Kamalei Correa,34OLB,Titans,5.750,1.437
Austin Johnson,34DT,Titans,5.662,1.416
A.J. Brown,WR,Titans,5.652,1.413
Dallas Goedert,TE,Eagles,5.624,1.406
Kerry Wynn,43DE,Bengals,1.400,1.400
Matt LaCosse,TE,Patriots,2.800,1.400
Josh Mauro,43DE,Raiders,1.400,1.400
Anthony Levine,S,Ravens,4.200,1.400
Brent Qvale,LT,Jets,1.400,1.400
Akeem King,S,Seahawks,1.400,1.400
Tyus Bowser,34OLB,Ravens,5.576,1.394
Drew Sample,TE,Bengals,5.506,1.377
Kyle Wilber,43OLB,Raiders,2.750,1.375
Daniel McCullers,34DT,Steelers,2.750,1.375
Connor Williams,LG,Cowboys,5.489,1.372
Joe Mixon,RB,Bengals,5.450,1.363
Derrick Henry,RB,Titans,5.408,1.352
Tramaine Brock,CB,Cardinals,1.350,1.350
Jermaine Kearse,WR,Lions,1.350,1.350
Ben Braunecker,TE,Bears,2.700,1.350
Walt Aikens,S,Dolphins,2.700,1.350
A.Q. Shipley,C,Cardinals,2.700,1.350
Kyle Love,43DT,Panthers,1.350,1.350
Miles Sanders,RB,Eagles,5.360,1.340
Anthony Miller,WR,Bears,5.354,1.338
Ryan Anderson,34OLB,Redskins,5.325,1.331
Darren Sproles,RB,Eagles,1.330,1.330
A'Shawn Robinson,43DT,Lions,5.234,1.308
Kemoko Turay,43DE,Colts,5.218,1.305
Lonnie Johnson Jr.,CB,Texans,5.214,1.304
Cre'Von LeBlanc,CB,Eagles,1.300,1.300
Deshazor Everett,S,Redskins,2.600,1.300
Colin Jones,S,Panthers,2.600,1.300
Justin Evans,S,Buccaneers,5.199,1.300
Beau Brinkley,LS,Titans,5.125,1.281
M.J. Stewart,CB,Buccaneers,5.083,1.271
DeMarcus Walker,34DE,Broncos,5.074,1.268
Max Scharping,LG,Texans,5.068,1.267
Jason Spriggs,LT,Packers,5.004,1.251
Oday Aboushi,RG,Lions,1.250,1.250
Clinton McDonald,43DT,Cardinals,1.250,1.250
Jordan Mills,RT,Cardinals,1.250,1.250
Mecole Hardman,WR,Chiefs,4.995,1.249
JJ Arcega-Whiteside,WR,Eagles,4.951,1.238
DeShone Kizer,QB,Raiders,4.948,1.237
Jessie Bates III,S,Bengals,4.948,1.237
Jarran Reed,43DT,Seahawks,4.890,1.222
Trysten Hill,43DT,Cowboys,4.878,1.220
Luke Rhodes,LS,Colts,4.850,1.213
Donte Jackson,CB,Panthers,4.813,1.203
Tavon Wilson,S,Lions,1.200,1.200
Parris Campbell,WR,Colts,4.776,1.194
Duke Dawson,S,Broncos,4.745,1.186
Nasir Adderley,S,Chargers,4.732,1.183
P.J. Hall,43DT,Raiders,4.704,1.176
Jake McQuaide,LS,Rams,3.525,1.175
Raekwon McMillan,ILB,Dolphins,4.698,1.174
Taylor Rapp,S,Rams,4.674,1.168
Isaiah Oliver,CB,Falcons,4.637,1.159
Andy Isabella,WR,Cardinals,4.630,1.157
Juan Thornhill,S,Chiefs,4.615,1.154
Chris Manhertz,TE,Panthers,2.300,1.150
Clark Harris,LS,Bengals,2.295,1.148
D.K. Metcalf,WR,Seahawks,4.586,1.147
Dalvin Tomlinson,34DT,Giants,4.572,1.143
Derrius Guice,RB,Redskins,4.542,1.135
Kyle Nelson,LS,49ers,4.540,1.135
James Washington,WR,Steelers,4.501,1.125
Nick Sundberg,LS,Redskins,4.500,1.125
Ryan Griffin,TE,Jets,1.125,1.125
Zak DeOssie,LS,Giants,1.120,1.120
LP Ladouceur,LS,Cowboys,1.120,1.120
Don Muhlbach,LS,Lions,1.120,1.120
Morgan Cox,LS,Ravens,5.600,1.120
Zach Cunningham,ILB,Texans,4.472,1.118
Nick Bellore,FB,Seahawks,2.230,1.115
James O'Shaughnessy,TE,Jaguars,2.225,1.113
DJ Chark,WR,Jaguars,4.447,1.112
Tyler Ott,LS,Seahawks,3.330,1.110
Jahleel Addae,S,Texans,1.105,1.105
Ethan Pocic,LG,Seahawks,4.409,1.102
Brian O'Neill,RT,Vikings,4.407,1.102
Benson Mayowa,43DE,Raiders,1.100,1.100
Zach Line,FB,Saints,2.200,1.100
Thomas Hennessy,LS,Jets,4.400,1.100
Kareem Hunt,RB,Browns,1.100,1.100
Matthias Farley,S,Jets,2.200,1.100
Carlton Davis,CB,Buccaneers,4.393,1.098
Jeffrey Jansen,LS,Panthers,5.475,1.095
Tyquan Lewis,43DT,Colts,4.366,1.092
Mike Adams,S,Texans,1.090,1.090
Tanoh Kpassagnon,43DE,Chiefs,4.321,1.080
Mackensie Alexander,CB,Vikings,4.316,1.079
Joe Cardona,LS,Patriots,4.310,1.078
Dominique Rodgers-Cromartie,CB,Redskins,1.075,1.075
Zach Allen,34OLB,Cardinals,4.294,1.073
Chidobe Awuzie,CB,Cowboys,4.284,1.071
Diontae Johnson,WR,Steelers,4.281,1.070
Jalen Hurd,WR,49ers,4.280,1.070
Josh Oliver,TE,Jaguars,4.251,1.063
Charley Hughlett,LS,Browns,6.370,1.062
Austin Hooper,TE,Falcons,3.166,1.055
Darrell Henderson,RB,Rams,4.212,1.053
Joe Looney,C,Cowboys,2.100,1.050
JuJu Smith-Schuster,WR,Steelers,4.196,1.049
Dion Dawkins,LT,Bills,4.183,1.046
Dre'Mont Jones,34DE,Broncos,4.159,1.040
Taylor Moton,RT,Panthers,4.158,1.040
Aaron Brewer,LS,Cardinals,4.150,1.038
Nick Folk,K,Patriots,1.030,1.030
Danny Shelton,43DT,Patriots,1.030,1.030
Pernell McPhee,34OLB,Ravens,1.030,1.030
Andre Smith,RT,Bengals,1.030,1.030
Richie Incognito,LG,Raiders,1.030,1.030
Matt Moore,QB,Chiefs,1.030,1.030
Brandon Parker,LT,Raiders,4.095,1.024
Sean Davis,S,Steelers,4.087,1.022
Germaine Pratt,43OLB,Bengals,4.084,1.021
Lorenzo Carter,34OLB,Giants,4.083,1.021
Sam Beal,CB,Giants,4.082,1.021
Chad Thomas,43DE,Browns,4.082,1.021
Ted Larsen,LG,Bears,1.020,1.020
Bilal Powell,RB,Jets,1.020,1.020
Joe Webb,QB,Texans,1.020,1.020
Taiwan Jones,RB,Texans,1.020,1.020
Anthony Sherman,RB,Chiefs,1.020,1.020
Justin Reid,S,Texans,4.063,1.016
B.J. Hill,34DE,Giants,4.048,1.012
Tyler Shatley,C,Jaguars,1.005,1.005
David Montgomery,RB,Bears,4.015,1.004
Neiko Thorpe,CB,Seahawks,1.000,1.000
Mo Alexander,43OLB,Bills,1.000,1.000
Isaiah Crowell,RB,Raiders,1.000,1.000
Cassius Marsh,43DE,Cardinals,1.000,1.000
Dan Bailey,K,Vikings,1.000,1.000
Olsen Pierre,34DE,Giants,1.000,1.000
Casey Kreiter,LS,Broncos,1.000,1.000
Blake Bortles,QB,Rams,1.000,1.000
Kerry Hyder,43DE,Cowboys,1.000,1.000
Antonio Hamilton,CB,Giants,1.000,1.000
Fred Warner,ILB,49ers,3.979,0.995
Geron Christian,LT,Redskins,3.972,0.993
Vonn Bell,S,Saints,3.972,0.993
James Bradberry,CB,Panthers,3.961,0.990
Royce Freeman,RB,Broncos,3.940,0.985
Adam Gotsis,34DE,Broncos,3.938,0.984
Mason Rudolph,QB,Steelers,3.922,0.980
Larry Ogunjobi,43DT,Browns,3.907,0.977
Jon Weeks,LS,Texans,3.900,0.975
Devin Singletary,RB,Bills,3.898,0.975
Ahkello Witherspoon,CB,49ers,3.885,0.971
Nathan Shepherd,34DE,Jets,3.876,0.969
D.J. Reader,34DT,Texans,3.870,0.968
Jace Sternberger,TE,Packers,3.866,0.966
Alvin Kamara,RB,Saints,3.858,0.964
Will Grier,QB,Panthers,3.853,0.963
Terry McLaurin,WR,Redskins,3.848,0.962
Dawuane Smoot,43DE,Jaguars,3.846,0.962
Cooper Kupp,WR,Rams,3.832,0.958
Chase Winovich,43DE,Patriots,3.827,0.957
Michael Deiter,LG,Dolphins,3.814,0.954
Jerome Baker,43OLB,Dolphins,3.809,0.952
David Long,CB,Rams,3.801,0.950
Pat Elflein,LG,Vikings,3.748,0.937
Sione Takitaki,ILB,Browns,3.736,0.934
Dan Feeney,LG,Chargers,3.732,0.933
Will Harris,S,Lions,3.724,0.931
Derrick Nnadi,43DT,Chiefs,3.746,0.931
Terrell McClain,43DT,Raiders,0.930,0.930
Coty Sensabaugh,CB,Broncos,0.930,0.930
Stefen Wisniewski,LG,Chiefs,0.930,0.930
Kurt Coleman,S,Bills,0.930,0.930
John Jerry,RG,Bengals,0.930,0.930
Bryan Anger,P,Texans,0.930,0.930
Britton Colquitt,P,Vikings,0.930,0.930
Albert McClellan,ILB,Jets,0.930,0.930
Corey Liuget,34DE,Bills,0.930,0.930
Marcus Sherels,CB,Dolphins,0.930,0.930
Lance Kendricks,TE,Chargers,0.930,0.930
Sam Young,LT,49ers,0.930,0.930
Darian Stewart,S,Buccaneers,0.930,0.930
Chris Clark,LT,Texans,0.930,0.930
J'Marcus Webb,T,Dolphins,0.930,0.930
Johnson Bademosi,CB,Saints,0.930,0.930
Josh Bynes,ILB,Ravens,0.930,0.930
Marshall Newhouse,LT,Patriots,0.930,0.930
Nate Davis,RG,Titans,3.700,0.925
Justin Layne,CB,Steelers,3.683,0.921
Taywan Taylor,WR,Browns,3.681,0.920
Khalen Saunders,43DT,Chiefs,3.673,0.918
Reid Ferguson,LS,Bills,2.745,0.915
Jaylon Ferguson,34OLB,Ravens,3.655,0.914
Billy Winn,34DE,Broncos,1.825,0.913
Kahale Warring,TE,Texans,3.640,0.910
Damien Harris,RB,Patriots,3.631,0.908
Cody Barton,ILB,Seahawks,3.626,0.907
Bobby Okereke,ILB,Colts,3.622,0.906
Cyrus Jones,CB,Ravens,1.811,0.905
Sam Hubbard,43DE,Bengals,3.619,0.905
Connor McGovern,LG,Cowboys,3.618,0.905
Jordan Willis,34OLB,Jets,3.617,0.904
Trey Pipkins,LT,Chargers,3.608,0.902
Carl Nassib,34OLB,Buccaneers,3.599,0.900
Malik Jefferson,43OLB,Browns,3.594,0.898
Chuma Edoga,RT,Jets,3.587,0.897
J.J. Wilcox,S,Falcons,0.895,0.895
Tony Bergstrom,C,Redskins,0.895,0.895
Ty Montgomery,RB,Jets,0.895,0.895
Kevin Minter,ILB,Buccaneers,0.895,0.895
Blidi Wreh-Wilson,CB,Falcons,0.895,0.895
Alfred Blue,RB,Jaguars,0.895,0.895
Blake Bell,TE,Chiefs,0.895,0.895
Kenjon Barner,RB,Falcons,0.895,0.895
Cedric Ogbuehi,RT,Jaguars,0.895,0.895
Patrick Omameh,LG,Saints,0.895,0.895
Rakeem Nunez-Roches,43DT,Buccaneers,0.895,0.895
Nicholas Williams,34DE,Bears,0.895,0.895
Geremy Davis,WR,Chargers,0.895,0.895
Dontrelle Inman,WR,Chargers,0.895,0.895
Kemal Ishmael,S,Falcons,0.895,0.895
Dakota Dozier,LG,Vikings,0.895,0.895
Johnathan Cyprien,S,Falcons,0.895,0.895
Levine Toilolo,TE,49ers,0.895,0.895
Josh Shaw,S,Cardinals,0.895,0.895
Daniel Brown,TE,Jets,0.895,0.895
Jordan Devey,RG,Raiders,0.895,0.895
Steven Means,43DE,Falcons,0.895,0.895
Justin Hardy,WR,Falcons,0.895,0.895
Mike Hull,ILB,Dolphins,0.895,0.895
Jon Bostic,ILB,Redskins,0.895,0.895
Kevin Pierre-Louis,43OLB,Bears,0.895,0.895
Tyeler Davison,43DT,Falcons,0.895,0.895
Sean Mannion,QB,Vikings,0.895,0.895
Alex Tanney,QB,Giants,1.788,0.894
Miles Boykin,WR,Ravens,3.575,0.894
Rasheem Green,43DE,Seahawks,3.573,0.893
James Winchester,LS,Chiefs,4.450,0.890
Chris Wormley,34DE,Ravens,3.560,0.890
Jamel Dean,CB,Buccaneers,3.559,0.890
Maliek Collins,43DT,Cowboys,3.550,0.888
Martinas Rankin,T,Chiefs,3.546,0.887
C.J. Beathard,QB,49ers,3.529,0.882
Michael Gallup,WR,Cowboys,3.524,0.881
Dawson Knox,TE,Bills,3.522,0.880
Duke Riley,43OLB,Eagles,3.518,0.879
Bobby Evans,LT,Rams,3.514,0.878
Tracy Walker,S,Lions,3.512,0.878
Quincy Williams,43OLB,Jaguars,3.506,0.877
Mike Edwards,S,Buccaneers,3.498,0.875
Orlando Brown,RT,Ravens,3.492,0.873
Yodny Cajuste,LT,Patriots,3.482,0.871
Yannick Ngakoue,43DE,Jaguars,3.481,0.870
Geno Smith,QB,Seahawks,0.870,0.870
Earl Watford,RG,Buccaneers,0.870,0.870
Justin Jones,43DT,Chargers,3.476,0.869
Alexander Mattison,RB,Vikings,3.471,0.868
Alex Anzalone,43OLB,Saints,3.466,0.866
Oren Burks,ILB,Packers,3.455,0.864
Mark Andrews,TE,Ravens,3.453,0.863
Oshane Ximines,34OLB,Giants,3.453,0.863
Joseph Noteboom,LT,Rams,3.452,0.863
Rashaan Gaulden,S,Panthers,3.450,0.862
Deadrin Senat,43DT,Falcons,3.423,0.856
Tre'Quan Smith,WR,Saints,3.421,0.855
Jonathan Bullard,43DT,Cardinals,3.414,0.853
Chukwuma Okorafor,LT,Steelers,3.407,0.852
Ronnie Harrison,S,Jaguars,3.388,0.847
Kenyan Drake,RB,Cardinals,3.381,0.845
Alex Cappa,RG,Buccaneers,3.369,0.842
Cornelius Lucas,LT,Bears,0.840,0.840
Tarvarius Moore,CB,49ers,3.351,0.838
Logan Thomas,TE,Lions,0.835,0.835
Jaylen Watkins,S,Chargers,0.835,0.835
Blake Countess,S,Jets,1.670,0.835
Fabian Moreau,CB,Redskins,3.339,0.835
Hakeem Butler,WR,Cardinals,3.328,0.832
Jordan Akins,TE,Texans,3.324,0.831
Isaac Yiadom,CB,Broncos,3.323,0.831
Dorian O'Daniel,43OLB,Chiefs,3.323,0.831
Greg Van Roten,LG,Panthers,1.660,0.830
Ryan Finley,QB,Bengals,3.310,0.827
"Chauncey Gardner-Johnson, Jr.",S,Saints,3.307,0.827
Arden Key,43DE,Raiders,3.439,0.826
Derek Rivers,43DE,Patriots,3.305,0.826
Maxx Crosby,43DE,Raiders,3.302,0.826
Anthony Nelson,34OLB,Buccaneers,3.295,0.824
Julian Love,S,Giants,3.291,0.823
Xavier Su'a-Filo,LG,Cowboys,1.645,0.823
Khari Willis,S,Colts,3.288,0.822
Chris Godwin,WR,Buccaneers,3.284,0.821
Mitch Wishnowsky,P,49ers,3.284,0.821
Keith Reaser,CB,Chiefs,0.820,0.820
Kendall Sheffield,CB,Falcons,3.280,0.820
Shon Coleman,LT,49ers,3.279,0.820
Bryce Love,RB,Redskins,3.274,0.819
Montravius Adams,34DE,Packers,3.262,0.815
Justice Hill,RB,Ravens,3.262,0.815
Dru Samia,RG,Vikings,3.260,0.815
John Johnson,S,Rams,3.259,0.815
Shaquill Griffin,CB,Seahawks,3.259,0.815
Christian Miller,43OLB,Panthers,3.257,0.814
Amani Hooker,S,Titans,3.256,0.814
Austin Bryant,43DE,Lions,3.253,0.813
Jourdan Lewis,CB,Cowboys,3.248,0.812
Hjalte Froholdt,RG,Patriots,3.243,0.811
Sheldrick Redwine,S,Browns,3.240,0.810
Patrick Scales,LS,Bears,0.810,0.810
Ameer Abdullah,RB,Vikings,0.810,0.810
Curtis Riley,S,Raiders,0.810,0.810
Tarell Basham,34OLB,Jets,3.236,0.809
Harrison Phillips,43DT,Bills,3.235,0.809
Josh Harris,LS,Falcons,3.235,0.809
Trevon Wesco,TE,Jets,3.227,0.807
Benjamin Snell Jr.,RB,Steelers,3.222,0.806
Mason Cole,C,Cardinals,3.222,0.805
Rod Smith,RB,Titans,0.805,0.805
Ben Garland,C,49ers,0.805,0.805
Will Compton,ILB,Raiders,0.805,0.805
Ibraheim Campbell,S,Packers,0.805,0.805
Aaron Colvin,CB,Redskins,0.805,0.805
Najee Goode,43OLB,Jaguars,0.805,0.805
DJ Alexander,ILB,Jaguars,0.805,0.805
Ryan Groy,C,Chargers,0.805,0.805
Keith Smith,FB,Falcons,0.805,0.805
Brynden Trawick,S,Ravens,0.805,0.805
Corey Nelson,ILB,Broncos,0.805,0.805
John Jenkins,43DT,Dolphins,0.805,0.805
David Mayo,ILB,Giants,0.805,0.805
De'Anthony Thomas,WR,Ravens,0.805,0.805
Buck Allen,RB,Giants,0.805,0.805
Josh Martin,43DE,Saints,0.805,0.805
Paul Worrilow,ILB,Jets,0.805,0.805
Bennie Fowler,WR,Giants,0.805,0.805
Ben Ijalana,LT,Jaguars,0.805,0.805
Leterrius Walton,34DE,Steelers,0.805,0.805
Andrew Donnal,RG,Dolphins,0.805,0.805
Ryan Grant,WR,Packers,0.805,0.805
Michael Burton,FB,Redskins,0.805,0.805
Chris Banjo,S,Cardinals,0.805,0.805
T.Y. McGill,34DT,Chargers,0.805,0.805
Luke Willson,TE,Seahawks,0.805,0.805
Mike Pennel,34DE,Chiefs,0.805,0.805
Brent Urban,34DE,Bears,0.805,0.805
Deone Bucannon,ILB,Giants,0.805,0.805
TJ Clemmings,RT,Bears,0.805,0.805
L.J. Fort,ILB,Ravens,0.805,0.805
Jeremiah Attaochu,43DE,Broncos,0.805,0.805
Zach Zenner,RB,Cardinals,0.805,0.805
Sylvester Williams,43DT,Chargers,0.805,0.805
Stephone Anthony,43OLB,Saints,0.805,0.805
Zach Kerr,34DT,Cardinals,0.805,0.805
LaRoy Reynolds,ILB,Bengals,0.805,0.805
Akeem Spence,43DT,Jaguars,0.805,0.805
Jordan Richards,S,Ravens,0.805,0.805
Jamar Taylor,CB,Seahawks,0.805,0.805
Josh Wells,LT,Buccaneers,0.805,0.805
Phillip Gaines,CB,Texans,0.805,0.805
Bryce Hager,ILB,Rams,0.805,0.805
Maxx Williams,TE,Cardinals,0.805,0.805
Dontae Johnson,CB,49ers,0.805,0.805
David Fales,QB,Jets,0.805,0.805
Brandon Marshall,LB,Raiders,0.805,0.805
Ben Powers,LG,Ravens,3.218,0.804
Cameron Sutton,CB,Steelers,3.217,0.804
Joe Thuney,LG,Patriots,3.213,0.803
Phil Haynes,LG,Seahawks,3.211,0.803
Ian Thomas,TE,Panthers,3.208,0.802
Delano Hill,S,Seahawks,3.207,0.802
Renell Wren,43DT,Bengals,3.203,0.801
Riley Ridley,WR,Bears,3.203,0.801
Ben Watson,TE,Patriots,0.800,0.800
Kenny Golladay,WR,Lions,3.196,0.799
Iman Marshall,CB,Ravens,3.196,0.799
Jalyn Holmes,43DT,Vikings,3.191,0.798
Tony Pollard,RB,Cowboys,3.190,0.798
Keke Coutee,WR,Texans,3.189,0.797
Nyheim Hines,RB,Colts,3.185,0.796
Isaiah Johnson,CB,Raiders,3.182,0.796
Keelan Doss,WR,Raiders,0.795,0.795
Drue Tranquill,ILB,Chargers,3.179,0.795
Antonio Callaway,WR,Browns,3.178,0.794
Cordrea Tankersley,CB,Dolphins,3.176,0.794
Rasul Douglas,CB,Eagles,3.176,0.794
Jonnu Smith,TE,Titans,3.176,0.794
Trey Hendrickson,43DE,Saints,3.176,0.794
Nazair Jones,43DT,Seahawks,3.176,0.794
James Conner,RB,Steelers,3.175,0.794
Kendell Beckwith,43OLB,Buccaneers,3.175,0.794
Josey Jewell,ILB,Broncos,3.174,0.793
Christopher Herndon IV,TE,Jets,3.171,0.793
Wes Martin,RG,Redskins,3.171,0.793
Ugochukwu Amadi,S,Seahawks,3.165,0.791
Troy Apke,S,Redskins,3.164,0.791
Jarrett Stidham,QB,Patriots,3.156,0.789
Brian Allen,C,Rams,3.147,0.787
Greg Gaines,34DE,Rams,3.147,0.787
Le'Raven Clark,RT,Colts,3.143,0.786
DaeSean Hamilton,WR,Broncos,3.143,0.786
Da'Shawn Hand,43DE,Lions,3.142,0.785
Joel Iyiegbuniwe,ILB,Bears,3.139,0.785
Kyler Fackrell,34OLB,Packers,3.136,0.784
Dorance Armstrong Jr.,43DE,Cowboys,3.130,0.782
Jordan Whitehead,S,Buccaneers,3.127,0.782
Jordan Jenkins,34OLB,Jets,3.124,0.781
Kendall Fuller,CB,Chiefs,3.123,0.781
Armani Watts,S,Chiefs,3.121,0.780
Anthony Averett,CB,Ravens,3.121,0.780
Kyzir White,43OLB,Chargers,3.114,0.779
Javon Hargrave,34DT,Steelers,3.114,0.779
C.J. Prosise,RB,Seahawks,3.112,0.778
Will Dissly,TE,Seahawks,3.110,0.778
Taron Johnson,CB,Bills,3.106,0.777
Kenny Young,ILB,Rams,3.100,0.775
Durham Smythe,TE,Dolphins,3.092,0.773
Avonte Maddox,CB,Eagles,3.086,0.771
Brandon Williams,CB,Cardinals,3.083,0.771
Ito Smith,RB,Falcons,3.081,0.770
DeAndre Houston-Carson,S,Bears,0.770,0.770
Jaleel Johnson,43DT,Vikings,3.078,0.770
Dede Westbrook,WR,Jaguars,3.076,0.769
Tedric Thompson,S,Seahawks,3.072,0.768
Kentavius Street,43DE,49ers,3.070,0.768
Eddie Jackson,S,Bears,3.066,0.766
Will Richardson,RT,Jaguars,3.063,0.766
Rayshawn Jenkins,S,Chargers,3.062,0.766
Josh Sweat,43DE,Eagles,3.058,0.764
Nick Vannett,TE,Steelers,3.057,0.764
Carl Lawson,43DE,Bengals,3.053,0.763
Kalen Ballage,RB,Dolphins,3.049,0.762
Josh Reynolds,WR,Rams,3.048,0.762
Jaleel Scott,WR,Ravens,3.040,0.760
Graham Glasgow,C,Lions,3.038,0.759
Mack Hollins,WR,Eagles,3.036,0.759
Nick Vigil,43OLB,Bengals,3.036,0.759
Tarik Cohen,RB,Bears,3.033,0.758
Ben Gedeon,43OLB,Vikings,3.033,0.758
Justin Simmons,S,Broncos,3.027,0.757
Montae Nicholson,S,Redskins,3.019,0.755
Jalen Reeves-Maybin,43OLB,Lions,3.013,0.753
John Cominsky,43DE,Falcons,3.008,0.752
Michael Jordan,LG,Bengals,3.008,0.752
Foster Moreau,TE,Raiders,3.008,0.752
Shareef Miller,43DE,Eagles,3.008,0.752
Samson Ebukam,34OLB,Rams,3.007,0.752
Julie'n Davenport,LT,Dolphins,2.986,0.747
Deatrich Wise,43DE,Patriots,2.981,0.745
Joe Schobert,ILB,Browns,2.974,0.743
Ryan Switzer,WR,Steelers,2.969,0.742
Eric Murray,S,Browns,2.967,0.742
Jamaal Williams,RB,Packers,2.966,0.741
Joshua Dobbs,QB,Jaguars,2.959,0.740
Sheldon Day,43DT,49ers,2.948,0.737
Randy Gregory,43DE,Cowboys,0.735,0.735
Ra'Shede Hageman,43DE,Falcons,0.735,0.735
Chris Moore,WR,Ravens,2.936,0.734
Ryan Smith,CB,Buccaneers,2.932,0.733
B.J. Goodson,ILB,Packers,2.922,0.731
Miles Killebrew,S,Lions,2.919,0.730
Nick Kwiatkoski,ILB,Bears,2.915,0.729
Chase Edmonds,RB,Cardinals,2.912,0.728
Marquis Haynes,43OLB,Panthers,2.912,0.728
Dalton Schultz,TE,Cowboys,2.912,0.728
John Franklin-Myers,34DE,Jets,2.912,0.728
De'Vondre Campbell,43OLB,Falcons,2.906,0.726
Hassan Ridgeway,43DT,Eagles,2.900,0.725
Demarcus Robinson,WR,Chiefs,2.885,0.721
David Onyemata,43DT,Saints,2.882,0.721
Damiere Byrd,WR,Cardinals,0.720,0.720
Pharoh Cooper,WR,Cardinals,0.720,0.720
Clive Walford,TE,Dolphins,0.720,0.720
Isaiah Johnson,S,Colts,0.720,0.720
J.D. McKissic,WR,Lions,0.720,0.720
Jihad Ward,34DE,Ravens,0.720,0.720
Senorise Perry,RB,Bills,0.720,0.720
Tyler Ervin,RB,Jaguars,0.720,0.720
Darius Kilgo,43DT,Lions,0.720,0.720
Javien Elliott,CB,Panthers,0.720,0.720
Kameron Canaday,LS,Steelers,0.720,0.720
Noah Spence,34OLB,Redskins,0.720,0.720
Ben Koyack,TE,Jaguars,0.720,0.720
Hroniss Grasu,C,Titans,0.720,0.720
Juston Burris,CB,Browns,0.720,0.720
Rick Lovato,LS,Eagles,0.720,0.720
Justin March-Lillard,43OLB,Cowboys,0.720,0.720
Darian Thompson,S,Cowboys,0.720,0.720
Corey Coleman,WR,Giants,0.720,0.720
Bryan Witzmann,LG,Panthers,0.720,0.720
Tyrell Adams,ILB,Texans,0.720,0.720
Laquon Treadwell,WR,Vikings,0.720,0.720
Josh Doctson,WR,Vikings,0.720,0.720
James Ferentz,LG,Patriots,0.720,0.720
Branden Jackson,43DE,Seahawks,0.720,0.720
Kalan Reed,CB,Seahawks,0.720,0.720
Joey Hunt,C,Seahawks,0.720,0.720
Anthony Zettel,43DE,Bengals,0.720,0.720
Brett Jones,C,Vikings,0.720,0.720
Andrew Adams,S,Buccaneers,0.720,0.720
Shilique Calhoun,43OLB,Patriots,0.720,0.720
Briean Boddy-Calhoun,CB,Texans,0.720,0.720
David Fluellen,RB,Titans,0.720,0.720
Cody Kessler,QB,Patriots,0.720,0.720
Andrew Billings,43DT,Bengals,2.876,0.719
Ryquell Armstead,RB,Jaguars,2.873,0.718
Jerald Hawkins,RT,Buccaneers,2.870,0.718
Deionte Thompson,S,Cardinals,2.870,0.718
Deon Bush,S,Bears,2.866,0.717
Zach Gentry,TE,Steelers,2.864,0.716
Jalen Thompson,S,Cardinals,2.863,0.716
Ben Burr-Kirven,43OLB,Seahawks,2.863,0.716
Ryan Connelly,ILB,Giants,2.856,0.714
Marvell Tell III,S,Colts,2.848,0.712
Matt Gay,K,Buccaneers,2.846,0.711
Amani Oruwariye,CB,Lions,2.843,0.711
Vosean Joseph,43OLB,Bills,2.843,0.711
Dre Greenlaw,43OLB,49ers,2.842,0.710
Hunter Renfrow,WR,Raiders,2.836,0.709
Kingsley Keke,34DE,Packers,2.833,0.708
Andrew Van Ginkel,43OLB,Dolphins,2.832,0.708
Alex Lewis,LG,Jets,2.832,0.708
Qadree Ollison,RB,Falcons,2.832,0.708
Ross Pierschbacher,C,Redskins,2.831,0.708
Jordan Scarlett,RB,Panthers,2.831,0.708
Mack Wilson,43OLB,Browns,2.829,0.707
Justin Hollins,34OLB,Broncos,2.827,0.707
Blake Cashman,ILB,Jets,2.824,0.706
Byron Cowart,43DT,Patriots,2.821,0.705
Ryan Glasgow,43DT,Bengals,2.820,0.705
Wayne Gallman,RB,Giants,2.820,0.705
Carlos Watkins,34DE,Texans,2.820,0.705
Daylon Mack,34DT,Ravens,2.819,0.705
Charles Omenihu,34DE,Texans,2.816,0.704
Jake Bailey,P,Patriots,2.811,0.703
EJ Speed,ILB,Colts,2.809,0.702
Joe Jackson,43DE,Cowboys,2.807,0.702
Easton Stick,QB,Chargers,2.799,0.700
D'Andre Walker,ILB,Titans,2.788,0.697
David Edwards,RT,Rams,2.785,0.696
Cole Madison,RG,Packers,2.784,0.696
RJ McIntosh,34DE,Giants,2.781,0.695
Austin Seibert,K,Browns,2.780,0.695
Maurice Hurst,43DT,Raiders,2.779,0.695
Shaquem Griffin,43OLB,Seahawks,2.778,0.694
D.J. Reed,S,49ers,2.771,0.693
Ja'Whaun Bentley,ILB,Patriots,2.764,0.691
Justin Watson,WR,Buccaneers,2.762,0.690
Charles Tapper,34OLB,Jets,1.380,0.690
Paul Perkins,RB,Lions,1.380,0.690
Trey Edmunds,TE,Steelers,1.380,0.690
Paxton Lynch,QB,Steelers,1.380,0.690
Kyle Peko,34DT,Colts,1.380,0.690
Marvin Hall,WR,Lions,1.380,0.690
Adam Pankey,LG,Packers,1.380,0.690
Cody Wichmann,RG,Cowboys,1.380,0.690
Devin Smith,WR,Cowboys,1.380,0.690
Chris Landrum,34DE,Texans,1.380,0.690
Eli Ankou,43DT,Browns,1.380,0.690
Garrett Gilbert,QB,Browns,1.380,0.690
Johnny Holton,WR,Steelers,1.380,0.690
Kalif Raymond,WR,Titans,1.380,0.690
Darrell Daniels,TE,Cardinals,1.380,0.690
Bilal Nichols,34DE,Bears,2.759,0.690
Tre Flowers,CB,Seahawks,2.759,0.690
Micah Kiser,ILB,Rams,2.758,0.689
Jordan Miller,CB,Falcons,2.755,0.689
Cole Holcomb,ILB,Redskins,2.755,0.689
Darius Slayton,WR,Giants,2.755,0.689
Michael Dickson,P,Seahawks,2.750,0.688
Genard Avery,43OLB,Eagles,2.749,0.687
Dane Cruikshank,CB,Titans,2.748,0.687
Tyrell Crosby,LT,Lions,2.748,0.687
Siran Neal,CB,Bills,2.746,0.687
Scott Quessenberry,LG,Chargers,2.744,0.686
Troy Fumagalli,TE,Broncos,2.742,0.685
Tyler Conklin,TE,Vikings,2.741,0.685
Ogbonnia Okoronkwo,34OLB,Rams,2.735,0.684
"Jermaine Carter, Jr.",ILB,Panthers,2.733,0.683
KeeSean Johnson,WR,Cardinals,2.729,0.682
Tim Settle,34DT,Redskins,2.728,0.682
Natrell Jamerson,S,Panthers,2.726,0.681
Dak Prescott,QB,Cowboys,2.723,0.681
Kaden Smith,TE,Giants,2.720,0.680
Jaylen Samuels,TE,Steelers,2.718,0.680
Saquan Hampton,S,Saints,2.716,0.679
Wyatt Teller,RG,Browns,2.714,0.679
Gardner Minshew,QB,Jaguars,2.712,0.678
Lamont Gaillard,C,Cardinals,2.708,0.677
Corey Ballentine,CB,Giants,2.706,0.676
Jamarco Jones,LT,Seahawks,2.705,0.676
Jaquan Johnson,S,Bills,2.704,0.676
Rashad Fenton,CB,Chiefs,2.702,0.676
Trayveon Williams,RB,Bengals,2.702,0.675
Jordan Wilkins,RB,Colts,2.701,0.675
Jake Butt,TE,Broncos,2.701,0.675
Sharrod Neasman,S,Falcons,1.350,0.675
Dwayne Washington,RB,Saints,1.350,0.675
Josh Andrews,C,Colts,1.350,0.675
MyCole Pruitt,TE,Titans,1.350,0.675
Jonathan Williams,RB,Colts,1.350,0.675
Dan Vitale,FB,Packers,1.350,0.675
C.J. Goodwin,CB,Cowboys,1.350,0.675
Justin Skule,LT,49ers,2.700,0.675
George Kittle,TE,49ers,2.698,0.675
Ka'dar Hollman,CB,Packers,2.695,0.674
Ty Johnson,RB,Lions,2.693,0.673
Juwann Winfree,WR,Broncos,2.691,0.673
David Long Jr.,ILB,Titans,2.690,0.673
Drew Forbes,LG,Browns,2.689,0.672
Armon Watts,43DT,Vikings,2.689,0.672
Damontae Kazee,CB,Falcons,2.689,0.672
Marcus Epps,S,Vikings,2.689,0.672
Isaiah Buggs,34DE,Steelers,2.689,0.672
Olisaemeka Udoh,RT,Vikings,2.688,0.672
Dexter Williams,RB,Packers,2.686,0.672
Xavier Crawford,CB,Dolphins,2.685,0.671
Blessuan Austin,CB,Jets,2.683,0.671
Trace McSorley,QB,Ravens,2.681,0.670
Desmond King,CB,Chargers,2.680,0.670
Tim Harris,CB,49ers,2.678,0.670
Darius Phillips,CB,Bengals,2.678,0.669
JK Scott,P,Packers,2.678,0.669
Marquez Valdes-Scantling,WR,Packers,2.678,0.669
Darwin Thompson,RB,Chiefs,2.677,0.669
Emeke Egbule,43OLB,Chargers,2.677,0.669
Jeremy Sprinkle,TE,Redskins,2.677,0.669
Jayon Brown,ILB,Titans,2.672,0.668
Isaiah Prince,RT,Dolphins,2.670,0.668
Nate Hairston,CB,Jets,2.668,0.667
Anthony Walker Jr.,ILB,Colts,2.665,0.666
Travis Homer,RB,Seahawks,2.663,0.666
Matt Milano,43OLB,Bills,2.662,0.665
Nick Allegretti,LG,Chiefs,2.661,0.665
Jamal Agnew,CB,Lions,2.658,0.665
Damion Ratley,WR,Browns,2.654,0.663
Marquel Lee,43OLB,Raiders,2.653,0.663
Duke Shelley,CB,Bears,2.648,0.662
Kelvin Harmon,WR,Redskins,2.648,0.662
Ulysees Gilbert III,ILB,Steelers,2.648,0.662
Scott Miller,WR,Buccaneers,2.648,0.662
Demarcus Christmas,43DT,Seahawks,2.648,0.662
Rodney Anderson,RB,Bengals,2.648,0.662
Dennis Daley,LT,Panthers,2.648,0.662
Donovan Wilson,S,Cowboys,2.648,0.662
Duke Ejiofor,34DE,Texans,2.645,0.661
Folorunso Fatukasi,34DT,Jets,2.634,0.659
Kris Boyd,CB,Vikings,2.630,0.657
Deon Cain,WR,Colts,2.626,0.656
Cullen Gillaspia,FB,Texans,2.624,0.656
Jacob Martin,ILB,Texans,2.622,0.656
DeVante Bausby,CB,Broncos,0.655,0.655
Darryl Johnson Jr.,43DE,Bills,2.618,0.655
Ty Summers,ILB,Packers,2.618,0.654
Jimmy Moreland,CB,Redskins,2.618,0.654
DeShon Elliott,S,Ravens,2.618,0.654
Tommy Sweeney,TE,Bills,2.617,0.654
Russell Gage,WR,Falcons,2.616,0.654
Sebastian Joseph,34DT,Rams,2.615,0.654
Tajae Sharpe,WR,Titans,2.615,0.654
Shaun Dion Hamilton,ILB,Redskins,2.613,0.653
George Asafo-Adjei,RT,Giants,2.612,0.653
Chandler Cox,FB,Dolphins,2.611,0.653
Ronald Blair,43DE,49ers,2.610,0.653
DeAndre Washington,RB,Raiders,2.609,0.652
Myles Gaskin,RB,Dolphins,2.607,0.652
Foyesade Oluokun,43OLB,Falcons,2.607,0.652
Jack Cichy,ILB,Buccaneers,2.605,0.651
Connor McGovern,C,Broncos,2.604,0.651
Dontavius Russell,43DT,Jaguars,2.604,0.651
John Ursua,WR,Seahawks,2.603,0.651
T.J. Logan,RB,Buccaneers,2.602,0.650
Trent Taylor,WR,49ers,2.602,0.650
Davon Godchaux,43DT,Dolphins,2.602,0.650
Aaron Jones,RB,Packers,2.602,0.650
Danny Isidora,RG,Dolphins,2.602,0.650
Trenton Cannon,RB,Jets,2.599,0.650
Jalen Jelks,43DE,Cowboys,2.599,0.650
Cortez Broughton,43DT,Chargers,2.598,0.650
Nick Scott,S,Rams,2.597,0.649
Kaden Elliss,43OLB,Saints,2.597,0.649
Matt Judon,34OLB,Ravens,2.596,0.649
Michael Dogbe,34DE,Cardinals,2.595,0.649
Ken Webster,CB,Dolphins,2.595,0.649
Javon Patterson,C,Colts,2.595,0.649
Olabisi Johnson,WR,Vikings,2.595,0.649
Joshua Miles,LT,Cardinals,2.595,0.649
Austin Cutting,LS,Vikings,2.595,0.649
Jordan Brailford,34OLB,Redskins,2.595,0.649
Matt Pryor,RG,Eagles,2.593,0.648
Jordan Howard,RB,Eagles,2.588,0.647
Wendell Smallwood,RB,Redskins,2.585,0.646
Joe Haeg,RG,Colts,2.582,0.646
Pat O'Connor,43DE,Buccaneers,1.291,0.645
Greg Mabin,CB,Bengals,0.645,0.645
B.J. Bello,ILB,Jets,0.645,0.645
Arthur Maulet,CB,Jets,0.645,0.645
Ricky Seals-Jones,TE,Browns,0.645,0.645
Brandon Allen,QB,Broncos,0.645,0.645
Erik Magnuson,C,Raiders,0.645,0.645
Jordan Leggett,TE,Buccaneers,0.645,0.645
Al-Quadin Muhammad,43DE,Colts,1.935,0.645
Deon Lacey,43OLB,Dolphins,0.645,0.645
Isaac Rochell,43DE,Chargers,0.645,0.645
Vince Biegel,ILD,Dolphins,0.645,0.645
Nathan Peterman,QB,Raiders,0.645,0.645
Matt Simms,QB,Falcons,0.645,0.645
Matt Feiler,RT,Steelers,0.645,0.645
Mike Hilton,CB,Steelers,0.645,0.645
Jeff Driskel,QB,Lions,0.645,0.645
Vincent Taylor,43DT,Bills,0.645,0.645
Shalom Luani,S,Chargers,0.645,0.645
Zach Banner,RT,Steelers,0.645,0.645
Jordan Dangerfield,S,Steelers,0.645,0.645
Treyvon Hester,34DE,Redskins,0.645,0.645
Jacob Hollister,TE,Seahawks,0.645,0.645
Elijah Lee,43OLB,49ers,0.645,0.645
D.J. Foster,RB,Cardinals,0.645,0.645
Jake Elliott,K,Eagles,0.645,0.645
Daeshon Hall,43DE,Eagles,1.935,0.645
Jonathan Woodard,43DE,Dolphins,0.645,0.645
Jon Halapio,C,Giants,0.645,0.645
Elijhaa Penny,RB,Giants,0.645,0.645
Aldrick Rosas,K,Giants,0.645,0.645
Elijah Wilkinson,LT,Broncos,0.645,0.645
Joseph Jones,ILB,Broncos,0.645,0.645
Dymonte Thomas,S,Broncos,0.645,0.645
C.J. Ham,RB,Vikings,0.645,0.645
Troymaine Pope,RB,Chargers,0.645,0.645
Ricardo Louis,WR,Dolphins,0.645,0.645
Michael Liedtke,LT,Buccaneers,0.645,0.645
Jerome Cunningham,TE,Redskins,0.645,0.645
Tony McRae,CB,Bengals,0.645,0.645
Alex Redmond,RG,Bengals,0.645,0.645
Josh Tupou,43DT,Bengals,0.645,0.645
Brandon Wilson,S,Bengals,0.645,0.645
Michael Bennett,43DT,Falcons,0.645,0.645
Matt Skura,C,Ravens,0.645,0.645
Torry McTyer,CB,Bengals,0.645,0.645
Donald Payne,ILB,Jaguars,0.645,0.645
DeAndrew White,WR,Panthers,0.645,0.645
David Moore,WR,Seahawks,0.645,0.645
Bryan Cox Jr.,43DE,Panthers,0.645,0.645
Jermaine Eluemunor,LG,Patriots,0.645,0.645
Ufomba Kamalu,34DE,Ravens,0.645,0.645
Cameron Tom,C,Saints,0.645,0.645
Justin Hardee,WR,Saints,0.645,0.645
James Burgess,ILB,Jets,0.645,0.645
Daniel Ross,43DT,Cowboys,0.645,0.645
Trevon Coley,43DT,Colts,0.645,0.645
Rashaad Coward,RT,Bears,0.645,0.645
Malcolm Johnson,TE,Packers,0.645,0.645
Isaiah Irving,34OLB,Bears,0.645,0.645
Roy Robertson-Harris,34DE,Bears,0.645,0.645
Lucas Patrick,C,Packers,0.645,0.645
Justin McCray,RG,Browns,0.645,0.645
Mike Purcell,34DE,Broncos,0.645,0.645
Zach Wood,LS,Saints,0.645,0.645
JoJo Natson,WR,Rams,0.645,0.645
Morgan Fox,34DE,Rams,0.645,0.645
Charles Washington,S,Cardinals,0.645,0.645
Braxton Berrios,WR,Jets,2.578,0.645
Greg Senat,LT,Chiefs,2.578,0.645
Equanimeous St. Brown,WR,Packers,2.578,0.645
Jordan Thomas,TE,Texans,2.578,0.645
Peter Kalambayi,34OLB,Texans,2.578,0.645
Bradley Bozeman,C,Ravens,2.578,0.645
LeShaun Sims,CB,Titans,2.578,0.645
Brandon Shell,RT,Jets,2.576,0.644
Chuck Clark,S,Ravens,2.575,0.644
Kentrell Brothers,ILB,Vikings,2.573,0.643
Trevor Davis,WR,Raiders,2.567,0.642
Halapoulivaati Vaitai,RT,Eagles,2.565,0.641
Tanzel Smart,34DE,Rams,2.565,0.641
Sam Tevi,RT,Chargers,2.562,0.640
Matthew Adams,ILB,Colts,2.562,0.640
Xavier Woods,S,Cowboys,2.560,0.640
Jullian Taylor,43DE,49ers,2.558,0.640
Jordan Evans,43OLB,Bengals,2.557,0.639
Javon Wims,WR,Bears,2.556,0.639
Tanner Vallejo,ILB,Redskins,2.554,0.638
Jason Sanders,K,Dolphins,2.551,0.638
Leon Jacobs,43OLB,Jaguars,2.551,0.638
Marqui Christian,CB,Rams,2.550,0.638
Jordan Mailata,RT,Eagles,2.549,0.637
Andre Smith,ILB,Panthers,2.549,0.637
D.J. Jones,43DT,49ers,2.548,0.637
Chase Roullier,C,Redskins,2.547,0.637
Zaire Franklin,43OLB,Colts,2.547,0.637
Nick Bawden,FB,Lions,2.544,0.636
Rudy Ford,S,Eagles,2.540,0.635
Hunter Bradley,LS,Packers,2.537,0.634
Richie James,WR,49ers,2.537,0.634
Greg Stroman,CB,Redskins,2.536,0.634
Conor McDermott,RT,Jets,2.535,0.634
Keion Crossen,CB,Texans,2.534,0.634
Marlon Mack,RB,Colts,2.534,0.634
Grover Stewart,43DT,Colts,2.534,0.634
Justin Lawler,34OLB,Rams,2.534,0.633
Will Clapp,C,Saints,2.533,0.633
Logan Cooke,P,Jaguars,2.532,0.633
Ryan Izzo,TE,Patriots,2.529,0.632
Trey Quinn,WR,Redskins,2.529,0.632
Korey Cunningham,LT,Patriots,2.529,0.632
Jatavis Brown,43OLB,Chargers,2.524,0.631
Ted Karras,LG,Patriots,1.890,0.630
Josh Harvey-Clemons,ILB,Redskins,2.484,0.621
David Morgan,TE,Vikings,2.475,0.619
Anthony Brown,CB,Cowboys,2.475,0.619
Wes Schweitzer,C,Falcons,2.472,0.618
Noah Brown,WR,Cowboys,2.472,0.618
Derek Watt,FB,Chargers,2.470,0.617
Cody Core,WR,Giants,2.468,0.617
Chris Carson,RB,Seahawks,2.465,0.616
Harvey Langi,34OLB,Jets,1.230,0.615
Avery Moss,43DE,Dolphins,1.230,0.615
Marcell Ateman,WR,Raiders,1.230,0.615
Justin Jackson,RB,Chargers,2.460,0.615
Boston Scott,RB,Eagles,1.230,0.615
Nik Needham,CB,Dolphins,1.230,0.615
Ryan Lewis,CB,Dolphins,1.230,0.615
Jamil Douglas,RG,Titans,1.230,0.615
Garrett Griffin,TE,Saints,1.230,0.615
Vyncint Smith,WR,Jets,1.230,0.615
Jamal Carter,ILB,Falcons,1.230,0.615
Isaac Whitney,WR,Texans,1.230,0.615
Tra Carson,RB,Lions,1.230,0.615
Dan Arnold,WR,Saints,1.230,0.615
Matt Dickerson,34DE,Titans,1.230,0.615
Aaron Stinnie,G,Titans,1.230,0.615
Devaroe Lawrence,43DT,Browns,1.230,0.615
Alexander Johnson,ILB,Broncos,1.230,0.615
Marcell Harris,S,49ers,1.230,0.615
Cornell Armstrong,CB,Texans,1.230,0.615
Jordan Williams,34DE,Titans,1.230,0.615
Auden Tate,WR,Bengals,2.460,0.615
Ifeadi Odenigbo,43DT,Vikings,1.230,0.615
Younghoe Koo,K,Falcons,1.230,0.615
Mike Thomas,WR,Rams,2.456,0.614
Seth DeValve,TE,Jaguars,2.453,0.613
Devontae Booker,RB,Broncos,2.453,0.613
Blake Martinez,ILB,Packers,2.453,0.613
Kamu Grugier-Hill,43OLB,Eagles,2.440,0.610
Elandon Roberts,ILB,Patriots,2.440,0.610
Will Parks,S,Broncos,2.440,0.610
Riley Dixon,P,Giants,2.420,0.605
Jalen Mills,CB,Eagles,2.417,0.604
Lachlan Edwards,P,Jets,2.416,0.604
Adam Redmond,C,Cowboys,1.206,0.603
Jayron Kearse,S,Vikings,2.404,0.601
Clayton Fejedelem,S,Bengals,2.404,0.601
Tyler Matakevich,ILB,Steelers,2.403,0.601
Austin Blythe,RG,Rams,2.402,0.600
Dean Marlowe,S,Bills,1.200,0.600
Brian Hill,RB,Falcons,1.200,0.600
Zane Gonzalez,K,Cardinals,1.200,0.600
Alex Armah,FB,Panthers,2.400,0.600
David Sharpe,RT,Raiders,1.200,0.600
Nate Gerry,43OLB,Eagles,2.400,0.600
Dillon Gordon,TE,Panthers,1.200,0.600
Isaiah McKenzie,WR,Bills,1.200,0.600
Joe Walker,ILB,Cardinals,1.200,0.600
Caleb Brantley,34DE,Redskins,1.200,0.600
James Onwualu,43OLB,Jaguars,1.200,0.600
Zack Bailey,LG,Buccaneers,1.778,0.593
Marcus Simms,WR,Jaguars,1.775,0.592
Iseoluwapo Jegede,43DT,Colts,1.775,0.592
David Blough,QB,Lions,1.775,0.592
Andrew Beck,TE,Broncos,1.770,0.590
Malik Reed,34OLB,Broncos,1.770,0.590
Steven Sims,WR,Redskins,1.770,0.590
Fred Johnson,RG,Bengals,1.770,0.590
Carl Granderson,43DE,Saints,1.770,0.590
Keisean Nixon,CB,Raiders,1.770,0.590
Azeez Al-Shaair,43OLB,49ers,1.770,0.590
Jonathan Ledbetter,43DE,Dolphins,1.770,0.590
Hale Hentges,TE,Redskins,1.770,0.590
T.J. Edwards,ILB,Eagles,1.768,0.589
Nate Herbig,RG,Eagles,1.768,0.589
Isaiah Mack,34DT,Titans,1.768,0.589
Troy Reeder,ILB,Rams,1.767,0.589
Beau Benzschawel,LG,Lions,1.765,0.588
Deonte Harris,WR,Saints,1.765,0.588
Malik Gant,S,Patriots,1.765,0.588
Jakobi Meyers,WR,Patriots,1.765,0.588
Otaro Alaka,ILB,Ravens,1.765,0.588
Alec Ingold,RB,Raiders,1.765,0.588
Andre James,C,Raiders,1.765,0.588
Jordan Kunaszyk,ILB,Panthers,1.765,0.588
Nate Harvey,34DE,Giants,1.760,0.588
Mark McLaurin,S,Giants,1.765,0.588
Jamie Gillan,P,Browns,1.765,0.588
Jon'Vea Johnson,WR,Cowboys,1.765,0.588
Chris Westry,CB,Cowboys,1.765,0.588
Darius Harris,ILB,Chiefs,1.765,0.588
Deion Calhoun,RG,Dolphins,1.765,0.588
Preston Williams,WR,Dolphins,1.765,0.588
Koda Martin,RG,Chargers,1.764,0.588
Patrick Laird,RB,Dolphins,1.764,0.588
Patrick Mekari,C,Ravens,1.763,0.588
Demetrius Knox,LG,Seahawks,1.763,0.588
Josh Watson,ILB,Broncos,1.763,0.588
Ethan Greenidge,LT,Saints,1.763,0.588
C.J. Moore,S,Lions,1.762,0.587
Jalin Moore,RB,Jets,1.764,0.587
William Sweet,RT,Cardinals,1.762,0.587
Curtis Bolton,ILB,Packers,1.762,0.587
Greg Roberts,34OLB,Packers,1.762,0.587
Kevin Strong,43DT,Lions,1.761,0.587
O'Shea Dugas,RT,Bengals,1.761,0.587
Andrew Wingard,S,Jaguars,1.760,0.587
Devine Ozigbo,RB,Jaguars,1.760,0.587
Ryan Bates,LT,Bills,1.760,0.587
Kyle Phillips,34DE,Jets,1.760,0.587
Jacob Dolegala,QB,Bengals,1.760,0.587
Chase Hansen,ILB,Saints,1.760,0.587
Shy Tuttle,43DT,Saints,1.760,0.587
Justin Johnson,TE,Seahawks,1.760,0.587
Olamide Zaccheaus,WR,Falcons,1.760,0.587
Luke Gifford,43OLB,Cowboys,1.760,0.587
Brandon Knight,RT,Cowboys,1.760,0.587
Shawn Poindexter,WR,49ers,1.760,0.587
Felton Davis,WR,Chiefs,1.760,0.587
Natrez Patrick,ILB,Rams,1.760,0.587
Donnell Greene,LT,Jaguars,1.760,0.587
Austin Fort,TE,Broncos,1.759,0.586
D.J. Montgomery,WR,Browns,1.758,0.586
AJ Cole,P,Raiders,1.758,0.586
Gunner Olszewski,WR,Patriots,1.758,0.586
Tim Ward,43DE,Chiefs,1.758,0.586
Matt Orzech,TE,Jaguars,1.757,0.586
Roderic Teamer,CB,Chargers,1.757,0.586
Adam Choice,RB,Seahawks,1.757,0.586
D'Angelo Ross,CB,Patriots,1.758,0.585
D'Cota Dixon,S,Buccaneers,1.756,0.585
Ira Savage-Lewis,34DE,Texans,1.756,0.585
Brandon Watson,CB,Jaguars,1.755,0.585
Stephen Weatherly,43DE,Vikings,2.340,0.585
Lo Falemaka,C,Browns,1.755,0.585
Jason Moore,WR,Chargers,1.755,0.585
Michael Walker,WR,Jaguars,1.755,0.585
D'ernest Johnson,RB,Browns,1.755,0.585
Joshua Simmons,CB,Bears,1.755,0.585
Chris Peace,43DE,Giants,1.755,0.585
Taj McGowan,RB,Jaguars,1.755,0.585
Steven Mitchell,WR,Texans,1.755,0.585
John Lovett,QB,Chiefs,1.755,0.585
Cody Brown,CB,Jaguars,1.755,0.585
Cole Mazza,LS,Chargers,1.755,0.585
Tae Hayes,CB,Jaguars,1.755,0.585
Sam Eguavoen,LB,Dolphins,1.755,0.585
Duke Williams,WR,Bills,1.755,0.585
Brett Toth,LT,Cardinals,1.755,0.585
Nico Falah,LG,Broncos,1.738,0.579
Eddy Pineiro,K,Bears,1.735,0.578
Sharif Finch,ILB,Titans,1.726,0.575
Olasunkanmi Adeniyi,34OLB,Steelers,1.725,0.575
Darrel Williams,RB,Chiefs,1.725,0.575
Phillip Lindsay,RB,Broncos,1.725,0.575
Kevin Toliver II,CB,Bears,1.725,0.575
Holton Hill,CB,Vikings,1.725,0.575
George Odum,S,Colts,1.723,0.574
Trent Sherfield,WR,Cardinals,1.720,0.573
Brandon Facyson,CB,Chargers,1.720,0.573
Danny Johnson,CB,Redskins,1.720,0.573
J.C. Jackson,CB,Patriots,1.720,0.573
Poona Ford,43DT,Seahawks,1.718,0.573
Darious Williams,CB,Rams,1.718,0.573
Buddy Howell,RB,Texans,1.718,0.573
Mike Boone,RB,Vikings,1.718,0.573
Matt Gono,T,Falcons,1.718,0.573
Dennis Gardeck,34OLB,Cardinals,1.716,0.572
Ben Niemann,ILB,Chiefs,1.716,0.572
Ike Boettger,LG,Bills,1.716,0.572
Tim Boyle,QB,Packers,1.716,0.572
Nick Gates,G,Giants,1.715,0.572
Tre Herndon,CB,Jaguars,1.715,0.572
Tavierre Thomas,CB,Browns,1.715,0.572
Tae Davis,ILB,Browns,1.715,0.572
Charvarius Ward,CB,Chiefs,1.715,0.572
Chris Board,ILB,Ravens,1.714,0.571
Hercules Mata'afa,43DE,Vikings,1.714,0.571
Raven Greene,S,Packers,1.714,0.571
Zeke Turner,ILB,Cardinals,1.713,0.571
Alex Light,LT,Packers,1.713,0.571
Brandon Zylstra,WR,Panthers,1.710,0.570
KhaDarel Hodge,WR,Browns,0.570,0.570
Josh Carraway,34OLB,Rams,0.570,0.570
Marcus Kemp,WR,Chiefs,0.570,0.570
Jeff Wilson,RB,49ers,0.570,0.570
Trent Sieg,LS,Raiders,0.570,0.570
Davontae Harris,CB,Broncos,0.570,0.570
Frankie Luvu,34OLB,Jets,0.570,0.570
Taybor Pepper,LS,Dolphins,0.570,0.570
John Kelly,RB,Rams,0.570,0.570
De'Lance Turner,RB,Dolphins,0.570,0.570
Josh Adams,RB,Jets,0.570,0.570
Mark Walton,RB,Dolphins,0.570,0.570
Makinton Dorleant,CB,Raiders,0.570,0.570
Jamil Demby,LG,Rams,1.710,0.570
Cameron Hunt,RG,Raiders,0.570,0.570
Corey Thompson,43OLB,Bills,1.710,0.570
Tim Patrick,WR,Broncos,0.570,0.570
Daniel Carlson,K,Raiders,0.570,0.570
Craig James,CB,Eagles,0.570,0.570
Lance Lenoir,TE,Cowboys,1.710,0.570
Kai Nacua,S,Colts,0.570,0.570
Tre'Von Johnson,ILB,Chargers,0.570,0.570
James Crawford,ILB,Dolphins,1.710,0.570
Austin Calitro,ILB,Jaguars,0.570,0.570
J.T. Gray,S,Saints,0.570,0.570
Jermaine Grace,ILB,Falcons,0.570,0.570
Chad Slade,RG,Giants,0.570,0.570
Gus Edwards,RB,Ravens,0.570,0.570
Devante Downs,ILB,Giants,0.570,0.570
Emmanuel Ellerbee,43OLB,Seahawks,0.570,0.570
Jordan Simmons,G,Seahawks,0.570,0.570
Colby Wadman,P,Broncos,1.710,0.570
Efe Obada,43DE,Panthers,0.570,0.570
A.J. Moore,CB,Texans,1.710,0.570
DeAndre Carter,WR,Texans,0.570,0.570
Corey Bojorquez,P,Bills,1.710,0.570
Chad Beebe,WR,Vikings,1.710,0.570
Reggie Gilbert,34OLB,Titans,0.570,0.570
Steve Longa,43OLB,Lions,0.570,0.570
Chandon Sullivan,CB,Packers,0.570,0.570
Jake Kumerow,WR,Packers,0.570,0.570
Robert Tonyan,TE,Packers,0.570,0.570
Joshua Kalu,S,Titans,1.710,0.570
Tremon Smith,CB,Packers,0.570,0.570
Devante Mays,RB,Jaguars,0.570,0.570
Zach Sieler,34DE,Ravens,0.570,0.570
Jordan Roos,RG,Seahawks,0.570,0.570
Michael Badgley,K,Chargers,1.710,0.570
Justin Murray,RT,Cardinals,0.570,0.570
Mike Love,43DE,Bills,1.710,0.570
Kevin Peterson,CB,Cardinals,0.570,0.570
Blake Jarwin,TE,Cowboys,1.692,0.564
Breon Borders,CB,Jaguars,1.125,0.563
Brandon Thomas,LG,Jaguars,1.125,0.563
Eric Smith,LT,Giants,1.125,0.563
Antony Auclair,TE,Buccaneers,1.685,0.562
Sean Culkin,TE,Chargers,1.677,0.559
Dylan Cole,ILB,Texans,1.677,0.559
Corey Clement,RB,Eagles,1.675,0.558
Eric Wilson,43OLB,Vikings,1.675,0.558
Chase Allen,ILB,Dolphins,1.675,0.558
Austin Carr,WR,Saints,1.673,0.558
Nicholas Morrow,LB,Raiders,1.673,0.558
Patrick Ricard,34DE,Ravens,1.672,0.557
Cethan Carter,TE,Bengals,1.671,0.557
Adam Butler,43DT,Patriots,1.670,0.557
Austin Ekeler,RB,Chargers,1.670,0.557
Cooper Rush,QB,Cowboys,1.670,0.557
Kendrick Bourne,WR,49ers,1.670,0.557
Matt Breida,RB,49ers,1.670,0.557
Taysom Hill,QB,Saints,1.670,0.557
Matt Haack,P,Dolphins,1.669,0.556
Josh Woods,ILB,Bears,1.110,0.555
Keelan Cole,WR,Jaguars,1.665,0.555
Keionta Davis,43DE,Patriots,1.665,0.555
Michael Davis,CB,Chargers,1.665,0.555
Joe Ostman,43DE,Eagles,1.103,0.551
K.C. McDermott,LT,Jaguars,1.100,0.550
Kavon Frazier,S,Cowboys,2.170,0.543
Andrew Vollert,TE,Chargers,1.080,0.540
Cedrick Wilson,WR,Cowboys,1.080,0.540
Byron Pringle,WR,Chiefs,1.080,0.540
Steven Parker,S,Dolphins,1.080,0.540
Noah Dawkins,ILB,Buccaneers,1.080,0.540
Devlin Hodges,QB,Steelers,1.080,0.540
Stephen Carlson,TE,Browns,1.080,0.540
Jomal Wiltz,CB,Dolphins,1.080,0.540
Nate Trewyn,C,Buccaneers,1.080,0.540
Brandon Powell,WR,Falcons,1.080,0.540
Jeremy Reaves,S,Redskins,1.080,0.540
Abdullah Anderson,34DT,Bears,1.080,0.540
John Atkins,43DT,Lions,1.080,0.540
Dare Ogunbowale,RB,Buccaneers,1.080,0.540
Alex Bars,LG,Bears,1.080,0.540
Robert Jackson,CB,Browns,1.080,0.540
Zach Triner,LS,Buccaneers,1.080,0.540
Jakob Johnson,FB,Patriots,1.080,0.540
Dan Skipper,LT,Texans,1.080,0.540
C.J. Board,WR,Jaguars,1.080,0.540
Richie Brown,ILB,Falcons,1.080,0.540
Fred Brown,WR,Broncos,1.080,0.540
David Steinmetz,RT,Texans,1.080,0.540
Greg Dortch,WR,Panthers,1.080,0.540
Billy Brown,TE,Colts,1.080,0.540
Ty Long,K,Chargers,1.080,0.540
Steve Ishmael,WR,Colts,1.080,0.540
Alex Singleton,43OLB,Eagles,1.080,0.540
Kurt Benkert,QB,Falcons,1.080,0.540
Taveze Calhoun,CB,Falcons,1.080,0.540
Jaeden Graham,TE,Falcons,1.080,0.540
Jake Gervase,S,Rams,1.080,0.540
Alex Gray,TE,Falcons,1.080,0.540
Keaton Sutherland,RG,Dolphins,1.080,0.540
Willie Harvey,43OLB,Browns,1.080,0.540
Andre Patton,Wr,Chargers,1.080,0.540
Albert Huggins,43DT,Eagles,1.080,0.540
Anthony Rush,43DT,Eagles,1.080,0.540
Ashton Dulin,WR,Colts,1.080,0.540
Jonathan Harris,34DE,Broncos,1.080,0.540
Calvin Anderson,LT,Broncos,1.080,0.540
Christian Blake,WR,Falcons,1.080,0.540
Josiah Tauaefa,ILB,Giants,1.080,0.540
Andrew Brown,43DE,Bengals,1.080,0.540
Daniel Ekuale,43DT,Browns,1.080,0.540
Stanley Morgan,WR,Bengals,1.080,0.540
Ventell Bryant,WR,Cowboys,1.080,0.540
Austin Schlottmann,G,Broncos,1.080,0.540
Davion Davis,WR,Vikings,1.080,0.540
Simeon Thomas,CB,Redskins,1.080,0.540
Travin Howard,ILB,Rams,1.080,0.540
Chris Lammons,CB,Dolphins,1.080,0.540
Shakial Taylor,CB,Colts,1.080,0.540
Cameron Johnston,P,Eagles,1.065,0.533
Jason Croom,TE,Bills,1.054,0.527
Levi Wallace,CB,Bills,1.050,0.525
Will Redmond,CB,Packers,1.050,0.525
Javarius Leamon,T,Bengals,1.050,0.525
Daurice Fountain,WR,Colts,1.050,0.525
Ross Dwelley,TE,49ers,1.050,0.525
Brett Maher,K,Cowboys,1.050,0.525
Mo Alie-Cox,TE,Colts,1.050,0.525
Robert Foster,WR,Bills,1.050,0.525
Keith Kirkwood,WR,Saints,1.050,0.525
Zach Pascal,WR,Colts,1.050,0.525
Grant Haley,CB,Giants,1.050,0.525
Roderick Johnson,LT,Texans,1.050,0.525
Mike Ford,CB,Lions,1.050,0.525
Trey Marshall,S,Broncos,1.050,0.525
Nick Mullens,QB,49ers,1.050,0.525
Tanner Hudson,TE,Buccaneers,1.050,0.525
Pharaoh Brown,TE,Browns,1.050,0.525
Tony Brown,CB,Packers,1.050,0.525
Deon Yelder,TE,Chiefs,1.050,0.525
Niles Scott,43DT,Bengals,1.050,0.525
Tyler Lancaster,34DT,Packers,1.050,0.525
Malik Turner,WR,Seahawks,1.050,0.525
Andrew Wylie,LG,Chiefs,1.050,0.525
Emmanuel Moseley,CB,49ers,1.050,0.525
Johnny Mundt,TE,Rams,1.050,0.525
Trenton Scott,LT,Chargers,1.050,0.525
Dontrell Hilliard,RB,Browns,1.050,0.525
Antwaun Woods,43DT,Cowboys,1.050,0.525
Anthony Firkser,RB,Titans,1.050,0.525
Dylan Cantrell,WR,Chargers,1.050,0.525
Cameron Batson,WR,Titans,1.050,0.525
Dee Virgin,CB,Lions,1.050,0.525
Horace Richardson,CB,Broncos,1.560,0.520
Brandon Greene,RG,Panthers,0.505,0.505
Diontae Spencer,WR,Broncos,0.501,0.501
Marcus Baugh,TE,Panthers,0.500,0.500
Kitt O'Brien,RG,Panthers,0.500,0.500
Michael Jackson Sr.,CB,Lions,0.495,0.495
Trent Harris,43DE,Dolphins,0.495,0.495
Jake Rodgers,RT,Broncos,0.495,0.495
Isaiah Searight,TE,Giants,0.495,0.495
Brett Rypien,QB,Broncos,0.495,0.495
Lavon Hooks,34DE,Steelers,0.495,0.495
Josh Watson,ILB,Broncos,0.495,0.495
Coleman Shelton,RG,Rams,0.495,0.495
Joey Ivie,43DT,Chiefs,0.495,0.495
Tony Brooks-James,Rb,Steelers,0.495,0.495
Bryant Mitchell,WR,Buccaneers,0.495,0.495
Jeremy Boykins,CB,Seahawks,0.495,0.495
Robert Spillane,ILB,Steelers,0.495,0.495
Bennett Jackson,CB,Ravens,0.495,0.495
Amba Etta-Tawo,WR,Giants,0.495,0.495
Myles Humphrey,34DE,Redskins,0.495,0.495
David Wells,TE,Chiefs,0.495,0.495
Allen Lazard,WR,Packers,0.495,0.495
Kam Kelly,S,Steelers,0.495,0.495
Randin Crecelius,C,Ravens,0.495,0.495
Andrew Lauderdale,RG,49ers,0.495,0.495
Reggie Bonnafon,RB,Panthers,0.495,0.495
D.J. Killings,CB,Raiders,0.495,0.495
Fish Smithson,CB,Ravens,0.495,0.495
Orion Stewart,S,Buccaneers,0.495,0.495
Sam Ficken,K,Jets,0.495,0.495
Daniel Brunskill,RG,49ers,0.495,0.495
Krishawn Hogan,WR,Saints,0.495,0.495
Rolan Milligan,S,Colts,0.495,0.495
J.P. Holtz,TE,Bears,0.495,0.495
Colton Jumper,43OLB,Saints,0.495,0.495
Joey Slye,K,Panthers,0.495,0.495
Josh Woodrum,QB,Redskins,0.495,0.495
Kendrick Norton,43DT,Dolphins,0.975,0.488
Kyle Allen,QB,Panthers,0.975,0.488
Dallin Leavitt,S,Raiders,0.975,0.488
